,Player,TYPE,AVG SALARY,Pos,Age,Tm,G,MP,PER,TS%,3PAr,FTr,ORB%,DRB%,TRB%,AST%,STL%,BLK%,TOV%,USG%,OWS,DWS,WS,WS/48,OBPM,DBPM,BPM,VORP,GS,FG,FGA,FG%,3P,3PA,3P%,2P,2PA,2P%,FT,FTA,FT%,ORB,DRB,TRB,AST,STL,BLK,TOV,PF,PTS,ORtg,DRtg
0,Zaza Pachulia,UFA,-,C,34,DET,68,878,13.7,0.539,0.021,0.642,11.9,21.5,16.5,14.7,1.7,1.6,18.7,15.0,1.1,1.3,2.3,0.128,-2.8,1.6,-1.2,0.2,3,4.8,10.8,0.44,0.0,0.2,0.0,4.8,10.6,0.45,5.4,7.0,0.782,5.6,9.3,14.9,5.1,1.7,1.0,3.2,8.5,15.0,114.0,107
1,Zach Lofton,RFA,-,SG,26,DET,1,4,-10.0,0.0,1.0,0.0,0.0,0.0,0.0,0.0,12.3,0.0,50.0,21.6,-0.1,0.0,0.0,-0.447,-17.4,6.0,-11.5,0.0,0,0.0,12.3,0.0,0.0,12.3,0.0,0.0,0.0,,0.0,0.0,,0.0,0.0,0.0,0.0,12.3,0.0,12.3,0.0,0.0,0.0,90
2,Yante Maten,UFA,-,PF,22,MIA,2,13,5.7,0.25,0.25,0.0,8.2,16.4,12.3,0.0,3.8,0.0,0.0,13.2,0.0,0.0,0.0,-0.026,-7.5,-1.6,-9.2,0.0,0,3.8,15.0,0.25,0.0,3.8,0.0,3.8,11.3,0.333,0.0,0.0,,3.8,7.5,11.3,0.0,3.8,0.0,0.0,0.0,7.5,70.0,104
3,Wilson Chandler,UFA,2564753,PF-SF,31,TOT,51,1177,8.5,0.537,0.579,0.092,4.4,14.6,9.7,9.1,1.0,1.4,13.9,11.8,0.5,1.0,1.5,0.062,-2.3,-0.5,-2.8,-0.2,33,4.6,11.0,0.418,2.4,6.3,0.373,2.2,4.6,0.478,0.7,1.0,0.72,1.9,6.7,8.6,3.3,1.0,0.8,1.8,4.9,12.2,107.0,112
4,Willie Cauley-Stein,UFA,2231920,C,25,SAC,81,2213,18.0,0.566,0.003,0.343,8.2,23.7,15.8,12.3,2.0,2.0,9.0,17.5,3.8,2.9,6.7,0.146,0.2,1.1,1.2,1.8,81,8.7,15.6,0.556,0.0,0.0,0.5,8.6,15.5,0.556,2.9,5.3,0.551,3.8,10.5,14.3,4.1,2.0,1.1,1.8,4.8,20.3,118.0,108
5,Wesley Matthews,UFA,2628872,SF-SG,32,TOT,69,2091,10.3,0.546,0.577,0.234,1.7,7.1,4.4,11.1,1.3,0.7,10.6,17.8,1.1,1.5,2.7,0.062,-1.4,-0.5,-1.8,0.1,68,6.5,16.2,0.4,3.5,9.4,0.372,3.0,6.9,0.437,3.1,3.8,0.81,0.7,3.2,4.0,3.7,1.3,0.4,2.1,3.7,19.5,107.0,113
6,Wayne Selden,UFA,-,SG,24,TOT,75,1439,8.3,0.491,0.36,0.19,2.8,11.0,6.9,11.3,1.1,0.8,13.1,18.4,-1.0,0.8,-0.3,-0.009,-3.8,-1.6,-5.4,-1.2,13,6.7,16.4,0.406,1.9,5.9,0.316,4.8,10.5,0.456,2.3,3.1,0.728,1.3,4.9,6.1,3.7,1.1,0.4,2.7,4.4,17.5,95.0,115
7,Wayne Ellington,UFA,8000000,SG,31,TOT,53,1297,11.8,0.569,0.814,0.107,1.1,7.9,4.5,8.3,2.0,0.4,7.7,17.2,1.3,1.4,2.6,0.097,-0.3,0.3,0.0,0.7,38,7.0,17.3,0.403,5.2,14.1,0.371,1.7,3.2,0.541,1.5,1.9,0.796,0.5,3.5,4.1,2.7,2.0,0.2,1.5,3.5,20.6,112.0,110
8,Vince Carter,UFA,2564753,PF,42,ATL,76,1330,11.8,0.565,0.675,0.141,2.4,13.2,7.7,9.3,1.5,1.8,8.8,16.7,1.2,0.7,1.9,0.07,-0.4,-0.3,-0.7,0.5,9,6.8,16.3,0.419,4.3,11.0,0.389,2.5,5.3,0.48,1.6,2.3,0.712,1.1,5.7,6.7,3.0,1.5,0.9,1.7,4.9,19.5,112.0,115
9,Udonis Haslem,UFA,2564753,C,38,MIA,10,74,3.6,0.36,0.364,0.121,4.3,34.5,19.4,4.0,0.0,0.0,7.9,21.9,-0.2,0.1,-0.1,-0.075,-8.4,-2.4,-10.9,-0.2,1,7.3,21.8,0.333,0.0,7.9,0.0,7.3,13.9,0.524,2.0,2.6,0.75,2.0,15.8,17.8,1.3,0.0,0.0,2.0,5.9,16.5,77.0,107
10,Tyus Jones,RFA,8815100,PG,22,MIN,68,1560,13.7,0.491,0.283,0.155,1.6,7.7,4.6,28.3,2.5,0.3,9.0,14.1,2.1,0.9,3.0,0.091,-0.9,0.3,-0.6,0.6,23,5.7,13.7,0.415,1.2,3.9,0.317,4.5,9.8,0.453,1.8,2.1,0.841,0.7,3.4,4.1,10.0,2.5,0.2,1.4,2.4,14.4,116.0,114
11,Tyson Chandler,UFA,2564753,C,36,TOT,55,875,11.2,0.63,0.01,0.879,11.1,25.3,18.3,5.3,1.1,2.2,23.4,8.5,0.9,1.2,2.1,0.114,-2.9,0.8,-2.1,0.0,6,3.3,5.3,0.616,0.0,0.1,0.0,3.3,5.2,0.622,2.7,4.6,0.586,4.9,11.5,16.4,2.0,1.1,1.2,2.2,5.9,9.2,120.0,108
12,Tyreke Evans,UFA,-,SG,29,IND,69,1402,11.5,0.483,0.327,0.242,2.7,13.0,7.9,17.5,2.0,1.1,13.9,26.4,-1.7,2.0,0.3,0.01,-2.4,-0.3,-2.7,-0.2,18,9.0,23.0,0.389,2.7,7.5,0.356,6.3,15.5,0.405,4.0,5.6,0.719,1.2,5.9,7.0,5.8,2.0,0.6,4.1,4.1,24.6,94.0,107
13,Tyler Zeller,UFA,-,C,29,TOT,6,93,17.3,0.607,0.033,0.6,12.9,15.7,14.2,6.7,0.5,3.1,9.5,20.1,0.2,0.1,0.3,0.167,-3.1,-1.9,-5.0,-0.1,1,8.5,15.9,0.533,0.0,0.5,0.0,8.5,15.4,0.552,7.4,9.5,0.778,5.8,6.9,12.7,2.1,0.5,1.6,2.1,10.6,24.4,123.0,111
14,Tyler Lydon,UFA,1691680,PF,22,DEN,25,94,9.3,0.595,0.556,0.167,8.0,12.7,10.4,8.2,1.0,0.0,17.2,10.6,0.1,0.1,0.2,0.086,-2.8,-1.4,-4.2,-0.1,0,4.7,9.4,0.5,2.1,5.2,0.4,2.6,4.2,0.625,0.5,1.6,0.333,3.7,5.7,9.4,3.1,1.0,0.0,2.1,5.2,12.0,116.0,112
15,Tyler Dorsey,UFA,-,SG,22,TOT,48,698,11.2,0.509,0.5,0.231,4.2,13.7,8.9,12.4,1.0,0.3,8.5,19.7,0.2,0.4,0.6,0.043,-1.4,-2.1,-3.5,-0.3,11,7.4,18.3,0.405,3.1,9.2,0.333,4.4,9.2,0.477,2.6,4.2,0.623,1.9,6.0,7.8,3.9,1.0,0.1,1.9,3.7,20.5,104.0,114
16,Tyler Cavanaugh,UFA,-,PF,24,UTA,11,39,5.0,0.414,0.5,0.2,8.5,13.6,11.1,3.4,0.0,0.0,8.4,13.0,0.0,0.0,0.0,0.026,-5.3,-3.1,-8.4,-0.1,0,3.7,12.3,0.3,1.2,6.1,0.2,2.5,6.1,0.4,2.5,2.5,1.0,3.7,6.1,9.8,1.2,0.0,0.0,1.2,3.7,11.0,97.0,112
17,Troy Williams,UFA,-,SF,24,SAC,21,312,10.5,0.531,0.449,0.153,3.9,15.9,9.7,4.7,1.5,2.2,7.9,15.0,0.1,0.3,0.4,0.064,-2.4,0.0,-2.4,0.0,0,6.6,14.6,0.449,2.1,6.6,0.318,4.5,8.1,0.556,1.3,2.2,0.6,1.8,7.0,8.8,1.6,1.5,1.2,1.3,5.5,16.6,106.0,111
18,Troy Daniels,UFA,2028594,SG,27,PHO,51,760,9.8,0.558,0.705,0.084,1.9,8.9,5.3,5.0,1.6,0.5,8.7,17.6,0.2,0.1,0.3,0.02,-1.7,-2.0,-3.7,-0.3,1,7.1,17.3,0.411,4.6,12.2,0.381,2.5,5.1,0.481,1.1,1.4,0.783,0.8,3.8,4.6,1.6,1.6,0.3,1.7,5.0,20.0,104.0,118
19,Troy Caupain,RFA,-,PG,23,ORL,4,16,30.7,0.625,0.375,0.0,6.6,13.6,10.0,42.5,3.1,0.0,0.0,21.8,0.1,0.0,0.1,0.347,9.6,3.7,13.3,0.1,0,12.2,24.5,0.5,6.1,9.2,0.667,6.1,15.3,0.4,0.0,0.0,,3.1,6.1,9.2,12.2,3.1,0.0,0.0,0.0,30.6,144.0,107
20,Trey Lyles,UFA,5500000,PF,23,DEN,64,1120,12.7,0.5,0.404,0.234,4.2,19.6,11.9,11.3,1.3,1.8,11.1,23.4,-0.2,1.4,1.2,0.05,-1.8,-0.7,-2.4,-0.1,2,9.1,21.7,0.418,2.2,8.8,0.255,6.8,12.9,0.529,3.6,5.1,0.698,1.9,8.9,10.8,3.8,1.3,1.0,3.0,4.1,23.9,100.0,109
21,Trey Burke,UFA,2028594,PG,26,TOT,58,1125,16.5,0.524,0.29,0.226,2.6,6.7,4.6,24.1,1.4,0.5,7.5,24.8,1.4,0.5,1.9,0.081,1.5,-1.4,0.1,0.6,8,10.1,23.5,0.431,2.4,6.8,0.352,7.7,16.7,0.463,4.4,5.3,0.831,1.2,3.0,4.3,6.8,1.4,0.3,2.1,2.5,27.1,110.0,116
22,Trevor Ariza,UFA,12500000,SF,33,TOT,69,2349,12.0,0.534,0.59,0.223,2.3,15.2,8.6,14.8,1.8,0.7,11.6,16.6,1.3,1.2,2.5,0.052,-0.7,-0.6,-1.3,0.4,69,5.9,14.9,0.399,2.9,8.8,0.334,3.0,6.1,0.493,2.6,3.3,0.793,1.0,6.5,7.5,5.1,1.8,0.4,2.1,2.6,17.5,107.0,115
23,Tobias Harris,UFA,36000000,PF,26,TOT,82,2847,17.2,0.592,0.313,0.245,2.6,20.8,12.0,12.5,0.8,1.0,9.8,22.8,4.5,2.6,7.1,0.12,2.1,-0.5,1.6,2.6,82,10.1,20.8,0.487,2.6,6.5,0.397,7.5,14.3,0.528,4.4,5.1,0.866,1.1,9.6,10.7,3.8,0.8,0.6,2.5,3.1,27.3,114.0,111
24,Timothe Luwawu-Cabarrot,UFA,1678854,SF,23,TOT,50,669,8.0,0.489,0.532,0.188,1.7,14.1,7.8,5.5,1.4,1.0,8.2,16.6,-0.3,0.5,0.2,0.015,-4.1,-1.1,-5.2,-0.5,7,5.9,15.7,0.376,2.6,8.3,0.31,3.3,7.3,0.451,2.2,3.0,0.756,0.8,6.2,7.0,1.9,1.4,0.6,1.5,5.3,16.6,97.0,113
25,Tim Frazier,UFA,1882867,PG,28,TOT,59,1120,11.7,0.544,0.387,0.207,3.9,11.5,7.7,27.6,1.2,0.4,21.1,13.3,1.3,0.7,2.0,0.084,-1.4,-0.4,-1.8,0.1,19,4.8,10.8,0.444,1.5,4.2,0.366,3.3,6.6,0.494,1.7,2.2,0.759,1.7,5.3,7.0,10.3,1.2,0.2,3.2,4.6,12.9,114.0,114
26,Thomas Welsh,UFA,1445697,C,22,DEN,11,36,16.1,0.648,0.538,0.154,0.0,12.1,6.0,20.5,0.0,0.0,6.7,17.7,0.1,0.0,0.1,0.162,2.2,-1.1,1.2,0.0,0,9.6,17.7,0.538,4.1,9.6,0.429,5.5,8.2,0.667,1.4,2.7,0.5,0.0,5.5,5.5,6.8,0.0,0.0,1.4,4.1,24.6,130.0,115
27,Thomas Welsh,UFA,-,C,22,DEN,11,36,16.1,0.648,0.538,0.154,0.0,12.1,6.0,20.5,0.0,0.0,6.7,17.7,0.1,0.0,0.1,0.162,2.2,-1.1,1.2,0.0,0,9.6,17.7,0.538,4.1,9.6,0.429,5.5,8.2,0.667,1.4,2.7,0.5,0.0,5.5,5.5,6.8,0.0,0.0,1.4,4.1,24.6,130.0,115
28,Thomas Bryant,RFA,-,C,21,WAS,72,1496,21.0,0.674,0.197,0.273,8.1,25.1,16.5,9.3,0.8,3.8,9.6,17.6,4.3,1.3,5.6,0.178,2.3,-0.3,2.0,1.5,53,9.8,15.9,0.616,1.0,3.1,0.333,8.7,12.8,0.685,3.4,4.3,0.781,3.6,10.8,14.4,2.9,0.8,2.1,1.9,4.0,24.0,130.0,112
29,Theo Pinson,UFA,1445697,SG,23,BRK,18,211,8.1,0.49,0.63,0.301,2.0,15.9,9.0,14.1,1.4,0.0,17.9,20.0,-0.2,0.2,0.0,0.004,-3.6,0.4,-3.2,-0.1,0,5.6,16.5,0.342,2.7,10.4,0.261,2.9,6.1,0.481,4.3,5.0,0.864,0.9,7.2,8.1,4.7,1.4,0.0,4.1,3.4,18.3,94.0,111
30,Thaddeus Young,UFA,14545000,PF,30,IND,81,2489,16.2,0.569,0.174,0.161,8.7,14.4,11.7,12.0,2.4,1.3,12.0,18.0,3.0,3.9,6.9,0.133,0.4,1.1,1.5,2.2,81,8.7,16.5,0.527,1.0,2.9,0.349,7.7,13.7,0.564,1.7,2.7,0.644,3.8,6.5,10.3,4.0,2.4,0.7,2.4,3.8,20.1,113.0,106
31,Thabo Sefolosha,UFA,2564753,SF,34,UTA,50,609,12.1,0.599,0.523,0.148,1.4,20.1,10.9,6.1,3.4,0.7,13.6,12.9,0.2,1.2,1.5,0.115,-1.6,3.1,1.5,0.5,2,5.6,11.7,0.477,2.7,6.1,0.436,2.9,5.6,0.521,1.1,1.7,0.636,0.6,9.0,9.7,2.1,3.4,0.4,2.0,3.2,14.9,107.0,102
32,Terry Rozier,RFA,18900000,PG,24,BOS,79,1791,12.9,0.501,0.506,0.14,1.9,16.4,9.1,17.7,1.8,1.0,8.8,18.6,0.9,2.3,3.2,0.086,-0.7,0.5,-0.2,0.8,14,6.9,17.9,0.387,3.2,9.1,0.353,3.7,8.8,0.422,2.0,2.5,0.785,0.9,7.4,8.3,6.2,1.8,0.6,1.8,2.7,19.0,106.0,108
33,Terrence Ross,UFA,13500000,SG,27,ORL,81,2150,15.4,0.561,0.551,0.14,1.3,12.8,7.0,9.9,1.6,1.1,7.6,23.9,1.7,2.6,4.3,0.095,1.1,-0.3,0.8,1.5,0,10.0,23.4,0.428,4.9,12.9,0.383,5.1,10.5,0.484,2.9,3.3,0.875,0.6,5.8,6.4,3.1,1.6,0.7,2.0,2.7,27.8,108.0,109
34,Taj Gibson,UFA,10000000,PF,33,MIN,70,1686,17.8,0.612,0.063,0.33,10.8,18.3,14.5,7.3,1.5,2.0,10.6,17.2,3.7,1.4,5.1,0.144,0.3,-0.4,-0.1,0.8,57,8.6,15.3,0.566,0.3,1.0,0.324,8.3,14.3,0.583,3.8,5.0,0.757,4.9,8.1,13.0,2.4,1.5,1.1,2.1,5.3,21.4,123.0,112
35,T.J. McConnell,UFA,3500000,PG,26,PHI,76,1470,13.4,0.555,0.1,0.088,2.1,10.2,6.3,24.7,2.5,0.9,17.3,15.0,1.2,1.7,2.9,0.094,-1.8,0.9,-0.9,0.4,3,7.1,13.5,0.525,0.4,1.3,0.333,6.6,12.1,0.546,0.9,1.2,0.784,0.9,4.7,5.6,8.3,2.5,0.5,2.9,3.4,15.5,110.0,110
36,Stanley Johnson,UFA,3713575,SF,22,TOT,66,1208,9.6,0.485,0.489,0.145,3.0,16.9,9.7,10.6,2.4,1.0,14.7,19.4,-1.1,1.6,0.5,0.021,-3.1,0.9,-2.2,0.0,7,6.9,17.7,0.389,2.5,8.7,0.288,4.4,9.1,0.484,2.0,2.6,0.781,1.4,7.4,8.7,3.5,2.4,0.6,3.3,4.6,18.3,94.0,108
37,Sindarius Thornwell,UFA,1620564,SG,24,LAC,64,313,5.2,0.485,0.306,0.694,1.7,12.8,7.5,7.2,2.1,1.8,23.8,11.3,-0.3,0.3,0.0,0.004,-5.8,1.0,-4.7,-0.2,1,2.6,7.4,0.347,0.5,2.3,0.2,2.1,5.1,0.412,3.8,5.1,0.735,0.8,5.9,6.6,2.7,2.1,1.1,3.0,6.2,9.3,88.0,110
38,Shelvin Mack,UFA,-,PG,28,TOT,57,1246,10.4,0.489,0.323,0.208,1.6,7.9,4.7,22.6,1.9,0.3,13.0,18.1,-0.2,1.1,0.9,0.034,-2.7,-0.4,-3.0,-0.3,3,6.5,16.1,0.404,1.8,5.2,0.354,4.7,10.9,0.429,2.3,3.3,0.69,0.7,3.4,4.1,7.3,1.9,0.2,2.6,3.3,17.1,100.0,112
39,Shaun Livingston,UFA,-,PG,33,GSW,64,967,11.7,0.555,0.01,0.243,4.9,7.9,6.5,14.8,1.5,2.3,14.1,12.0,1.2,0.9,2.0,0.101,-1.7,0.7,-1.0,0.2,0,5.4,10.3,0.519,0.0,0.1,0.0,5.4,10.2,0.524,2.0,2.5,0.784,2.1,3.7,5.8,5.6,1.5,1.3,1.9,3.6,12.7,118.0,112
40,Shaquille Harrison,UFA,898310,SG,25,CHI,73,1430,12.4,0.494,0.209,0.289,2.5,14.5,8.4,14.1,3.0,1.8,11.1,16.5,-0.1,1.6,1.4,0.048,-2.8,1.5,-1.3,0.2,11,6.2,14.4,0.432,0.8,3.0,0.27,5.4,11.4,0.475,2.8,4.2,0.667,1.1,6.4,7.5,4.7,3.0,1.0,2.0,4.2,16.1,101.0,110
41,Seth Curry,UFA,8000000,SG,28,POR,74,1399,11.4,0.595,0.54,0.112,2.1,6.9,4.6,6.5,1.2,0.7,11.1,16.6,1.5,0.9,2.4,0.082,-0.4,-0.7,-1.0,0.3,2,7.3,16.1,0.456,3.9,8.7,0.45,3.4,7.4,0.463,1.5,1.8,0.846,0.9,3.2,4.2,2.3,1.2,0.4,2.1,3.4,20.1,113.0,114
42,Sam Dekker,UFA,-,PF,24,TOT,47,788,13.3,0.519,0.242,0.18,7.2,13.5,10.2,8.3,2.3,0.7,8.0,16.2,0.6,0.5,1.0,0.064,-1.0,-0.7,-1.8,0.1,5,7.3,15.5,0.469,1.2,3.8,0.306,6.1,11.8,0.521,1.7,2.8,0.609,3.2,5.8,9.0,2.8,2.3,0.4,1.5,2.9,17.4,109.0,114
43,Salah Mejri,UFA,-,C,32,DAL,36,399,16.1,0.559,0.304,0.286,9.7,25.3,17.6,13.2,1.2,5.5,14.3,15.8,0.5,0.6,1.1,0.136,-1.1,1.9,0.8,0.3,4,6.7,13.6,0.491,1.3,4.1,0.324,5.3,9.5,0.564,2.4,3.9,0.625,4.4,11.5,15.9,4.3,1.2,3.2,2.6,6.7,17.1,114.0,106
44,Ryan Arcidiacono,RFA,3000000,PG,24,CHI,81,1961,11.6,0.588,0.519,0.244,1.5,10.8,6.1,18.9,1.6,0.2,12.0,11.7,2.8,0.9,3.7,0.09,-2.0,0.1,-1.9,0.1,32,4.6,10.3,0.447,2.0,5.4,0.373,2.6,5.0,0.527,2.2,2.5,0.873,0.7,4.7,5.4,6.7,1.6,0.1,1.6,4.2,13.5,121.0,115
45,Ryan Anderson,UFA,2564753,PF,30,TOT,25,322,4.6,0.414,0.58,0.232,6.1,12.5,9.2,7.8,0.6,0.3,15.5,12.0,-0.3,0.0,-0.2,-0.035,-4.5,-1.9,-6.4,-0.4,8,3.1,10.3,0.304,1.3,6.0,0.225,1.8,4.3,0.414,1.8,2.4,0.75,2.7,5.4,8.0,2.8,0.6,0.1,2.1,3.7,9.4,90.0,118
46,Rudy Gay,UFA,16000000,PF,32,SAS,69,1842,17.5,0.583,0.247,0.197,3.8,23.9,13.9,14.7,1.4,1.6,12.3,22.1,2.2,2.2,4.4,0.115,0.8,0.6,1.4,1.6,51,10.0,19.8,0.504,2.0,4.9,0.402,8.0,14.9,0.537,3.2,3.9,0.816,1.7,10.8,12.5,4.8,1.4,0.9,3.0,4.2,25.1,111.0,109
47,Rondae Hollis-Jefferson,UFA,2500000,SF,24,BRK,59,1234,12.5,0.464,0.101,0.376,7.1,19.2,13.2,11.7,1.7,1.7,10.7,21.6,-0.5,1.7,1.2,0.047,-3.0,0.4,-2.6,-0.2,21,7.7,18.8,0.411,0.3,1.9,0.184,7.4,16.9,0.436,4.6,7.1,0.645,3.2,8.8,12.0,3.7,1.7,1.0,2.6,4.1,20.3,99.0,108
48,Rodney McGruder,RFA,5000000,SG,27,MIA,66,1550,9.4,0.51,0.488,0.156,4.1,12.2,8.2,10.3,1.1,0.7,11.5,15.4,0.4,1.6,1.9,0.059,-2.2,-0.1,-2.3,-0.1,45,5.9,14.5,0.403,2.5,7.1,0.351,3.4,7.4,0.453,1.6,2.3,0.722,1.9,5.6,7.5,3.5,1.1,0.4,2.0,3.6,15.9,104.0,111
49,Rodney Hood,UFA,5860950,SG,26,TOT,72,1893,12.3,0.545,0.352,0.231,1.4,7.9,4.6,10.0,1.5,0.5,6.9,18.1,2.1,0.5,2.6,0.065,-1.2,-0.8,-2.0,0.0,49,7.6,17.5,0.435,2.2,6.1,0.356,5.4,11.3,0.478,3.6,4.0,0.884,0.7,3.4,4.1,3.3,1.5,0.3,1.4,3.8,20.9,112.0,117
50,Robin Lopez,UFA,4886175,C,30,CHI,74,1606,15.9,0.598,0.058,0.23,9.4,10.0,9.7,8.8,0.3,4.2,14.0,18.6,2.0,0.7,2.7,0.081,-0.6,-1.4,-1.9,0.0,36,9.2,16.2,0.568,0.2,0.9,0.226,9.0,15.2,0.589,2.7,3.7,0.724,4.2,4.4,8.6,2.7,0.3,2.4,2.9,3.7,21.3,113.0,115
51,Ricky Rubio,UFA,17000000,PG,28,UTA,68,1899,14.0,0.52,0.348,0.312,1.9,11.8,6.9,32.1,2.3,0.4,17.8,22.7,0.9,2.8,3.7,0.095,-1.0,0.8,-0.2,0.9,67,7.4,18.4,0.404,2.0,6.4,0.311,5.4,12.0,0.454,4.9,5.7,0.855,0.8,5.3,6.1,10.5,2.3,0.3,4.5,4.5,21.8,105.0,107
52,Richaun Holmes,UFA,4886175,C,25,PHO,70,1184,20.7,0.647,0.0,0.479,10.6,20.5,15.5,7.9,1.7,5.6,10.5,17.9,3.1,1.1,4.3,0.173,0.1,0.5,0.6,0.8,4,9.0,14.7,0.608,0.0,0.0,,9.0,14.7,0.608,5.2,7.1,0.731,4.6,8.7,13.3,2.4,1.7,3.2,2.1,7.8,23.1,127.0,111
53,Reggie Bullock,UFA,4100000,SG,27,TOT,63,1879,10.5,0.563,0.662,0.143,1.2,8.8,4.9,10.1,1.0,0.5,9.3,15.8,1.6,1.4,3.1,0.078,-0.7,-0.4,-1.1,0.4,60,6.3,15.3,0.412,3.8,10.1,0.377,2.5,5.2,0.483,1.9,2.2,0.859,0.6,3.9,4.5,3.3,1.0,0.3,1.7,2.8,18.4,111.0,113
54,Raymond Felton,UFA,-,PG,34,OKC,33,379,11.2,0.505,0.452,0.096,1.1,8.4,4.6,18.7,1.2,1.3,9.0,16.6,0.3,0.4,0.7,0.087,-1.7,0.4,-1.3,0.1,0,6.8,16.6,0.407,2.5,7.5,0.328,4.3,9.1,0.473,1.5,1.6,0.923,0.5,3.7,4.2,6.4,1.2,0.7,1.7,3.6,17.5,110.0,111
55,Ray Spalding,UFA,-,PF,21,TOT,14,148,14.6,0.516,0.064,0.255,11.1,25.1,18.0,5.1,2.9,4.5,14.7,17.8,0.0,0.2,0.2,0.051,-4.3,-0.8,-5.1,-0.1,3,8.1,15.2,0.532,0.0,1.0,0.0,8.1,14.2,0.568,1.3,3.9,0.333,4.8,10.6,15.5,1.6,2.9,2.6,2.9,7.4,17.4,99.0,108
56,Rawle Alkins,UFA,-,SG,21,CHI,10,120,8.1,0.418,0.308,0.308,9.9,13.7,11.8,15.2,0.4,0.0,15.3,19.0,-0.1,0.0,-0.1,-0.042,-3.8,-3.5,-7.3,-0.2,1,5.3,15.8,0.333,1.2,4.8,0.25,4.0,10.9,0.37,3.2,4.8,0.667,4.4,6.1,10.5,5.3,0.4,0.0,3.2,2.8,15.0,93.0,117
57,Raul Neto,UFA,1737145,PG,26,UTA,37,474,13.5,0.558,0.373,0.205,1.4,12.6,7.1,28.7,1.4,0.7,16.6,19.0,0.5,0.6,1.1,0.116,-1.1,0.8,-0.3,0.2,1,7.5,16.3,0.46,2.0,6.1,0.333,5.5,10.2,0.535,2.8,3.3,0.848,0.6,5.7,6.3,9.4,1.4,0.4,3.5,4.9,19.8,111.0,108
58,Rajon Rondo,UFA,2592179,PG,32,LAL,46,1369,12.1,0.473,0.329,0.083,2.6,15.5,9.2,35.5,1.9,0.4,22.1,17.4,-0.2,1.5,1.3,0.047,-1.7,0.2,-1.5,0.2,29,5.9,14.7,0.405,1.7,4.8,0.359,4.2,9.9,0.428,0.8,1.2,0.639,1.2,7.1,8.3,12.5,1.9,0.2,4.3,3.4,14.4,100.0,110
59,R.J. Hunter,UFA,-,SG,25,BOS,1,26,21.5,0.612,0.769,0.154,4.1,8.2,6.2,18.0,1.9,0.0,0.0,23.0,0.1,0.0,0.1,0.226,3.2,0.4,3.6,0.0,0,11.1,24.1,0.462,7.4,18.5,0.4,3.7,5.6,0.667,1.9,3.7,0.5,1.9,3.7,5.6,5.6,1.9,0.0,0.0,5.6,31.5,131.0,111
60,Quinn Cook,UFA,3000000,PG,25,GSW,74,1059,13.1,0.565,0.456,0.059,2.3,13.0,7.9,15.2,0.9,0.2,10.0,20.2,1.0,0.8,1.8,0.082,-0.5,-1.6,-2.1,0.0,10,9.2,19.7,0.465,3.6,9.0,0.405,5.5,10.7,0.515,0.9,1.2,0.769,1.0,6.1,7.1,5.2,0.9,0.1,2.2,4.1,22.9,110.0,113
61,Quincy Pondexter,UFA,-,SF,30,SAS,53,292,13.2,0.641,0.31,0.724,3.0,14.1,8.6,10.6,1.8,0.3,14.5,13.5,0.5,0.3,0.8,0.128,-1.6,0.7,-0.9,0.1,0,4.9,9.7,0.5,1.0,3.0,0.333,3.8,6.7,0.575,5.7,7.0,0.81,1.3,6.4,7.7,4.0,1.8,0.2,2.2,4.0,16.4,123.0,111
62,Pau Gasol,UFA,2564753,C,38,TOT,30,360,16.7,0.529,0.138,0.426,6.7,34.2,20.6,19.1,0.7,3.5,12.5,15.6,0.5,0.5,1.1,0.142,1.0,2.1,3.1,0.5,6,5.7,12.7,0.447,0.8,1.8,0.462,4.9,10.9,0.444,3.8,5.4,0.7,3.0,15.5,18.5,7.0,0.7,2.0,2.2,3.9,15.9,116.0,106
63,Patrick Patterson,UFA,2331593,PF,29,OKC,63,861,8.1,0.493,0.626,0.137,4.9,13.0,8.8,4.6,0.9,1.3,8.7,12.0,0.2,0.9,1.1,0.064,-2.0,-0.4,-2.5,-0.1,5,4.4,11.9,0.374,2.5,7.4,0.336,2.0,4.4,0.439,1.0,1.6,0.633,2.3,5.7,8.0,1.7,0.9,0.7,1.2,2.5,12.4,106.0,110
64,Patrick McCaw,RFA,4000000,SG,23,TOT,29,397,7.5,0.532,0.444,0.238,2.0,10.9,6.5,9.2,2.8,0.4,19.6,9.4,0.0,0.5,0.5,0.065,-4.8,1.9,-3.0,-0.1,1,3.2,7.6,0.413,1.1,3.4,0.321,2.1,4.2,0.486,1.6,1.8,0.867,0.8,5.0,5.8,3.5,2.8,0.2,2.1,4.6,9.0,102.0,108
65,Patrick Beverley,UFA,13333327,PG,30,LAC,78,2137,11.8,0.561,0.591,0.258,3.9,15.0,9.6,18.4,1.5,1.6,13.8,12.2,2.8,2.0,4.8,0.108,-0.3,1.2,0.9,1.5,49,4.3,10.5,0.407,2.5,6.2,0.397,1.8,4.3,0.421,2.1,2.7,0.78,1.7,6.9,8.6,6.6,1.5,0.9,1.9,5.9,13.2,119.0,111
66,Noah Vonleh,UFA,200000,PF,23,NYK,68,1722,13.9,0.561,0.311,0.355,6.7,25.8,16.0,11.1,1.3,2.5,14.7,14.8,1.5,1.7,3.2,0.09,-1.2,0.5,-0.7,0.6,57,5.8,12.3,0.47,1.3,3.8,0.336,4.5,8.5,0.531,3.1,4.4,0.712,3.2,11.6,14.8,3.6,1.3,1.4,2.5,4.9,16.0,111.0,111
67,Nikola Vucevic,UFA,25000000,C,28,ORL,80,2510,25.5,0.573,0.171,0.168,9.4,31.9,20.5,21.9,1.6,3.0,9.9,28.0,5.4,4.7,10.1,0.193,5.0,1.7,6.6,5.5,80,13.7,26.4,0.518,1.6,4.5,0.364,12.0,21.9,0.549,3.5,4.4,0.789,4.4,14.3,18.7,6.0,1.6,1.7,3.1,3.1,32.5,115.0,103
68,Nikola Mirotic,UFA,-,PF,27,TOT,46,1245,17.2,0.584,0.587,0.229,5.1,22.6,14.0,6.2,1.2,2.2,7.4,21.4,2.0,1.4,3.5,0.133,2.1,-0.6,1.5,1.1,25,8.9,20.2,0.439,4.3,11.9,0.365,4.6,8.4,0.545,3.9,4.6,0.847,2.2,10.4,12.7,2.1,1.2,1.3,1.8,4.0,26.0,115.0,109
69,Nik Stauskas,UFA,-,SG,25,TOT,68,1015,10.9,0.545,0.556,0.189,1.9,11.7,6.8,11.1,1.0,0.6,12.2,17.6,0.6,0.5,1.1,0.052,-0.7,-1.2,-1.9,0.0,0,6.5,16.3,0.402,3.4,9.0,0.372,3.2,7.2,0.44,2.7,3.1,0.891,0.9,5.2,6.1,3.9,1.0,0.3,2.5,2.4,19.2,108.0,115
70,Nerlens Noel,UFA,2028594,C,24,OKC,77,1055,19.3,0.608,0.0,0.286,12.1,20.0,15.9,5.9,2.9,7.7,13.4,13.8,1.9,2.5,4.3,0.198,-1.2,3.3,2.1,1.1,2,7.2,12.2,0.587,0.0,0.0,,7.2,12.2,0.587,2.4,3.5,0.684,5.6,8.8,14.4,2.0,2.9,4.2,2.1,7.3,16.7,122.0,99
71,Naz Mitrou-Long,UFA,-,SG,25,UTA,14,84,2.2,0.383,0.55,0.1,1.3,6.3,3.9,23.3,0.6,0.9,27.7,14.7,-0.2,0.1,-0.1,-0.046,-7.1,-1.6,-8.7,-0.1,0,3.4,11.4,0.3,1.1,6.3,0.182,2.3,5.1,0.444,1.1,1.1,1.0,0.6,2.8,3.4,8.5,0.6,0.6,4.6,5.7,9.1,81.0,111
72,Mitch Creek,UFA,-,SF,26,TOT,5,48,20.2,0.55,0.125,0.438,13.2,13.1,13.2,18.6,2.0,0.0,5.0,17.6,0.1,0.0,0.2,0.196,2.4,1.1,3.5,0.1,0,7.9,15.9,0.5,0.0,2.0,0.0,7.9,13.9,0.571,5.0,7.0,0.714,6.0,6.0,11.9,6.0,2.0,0.0,1.0,3.0,20.9,129.0,111
73,Mike Scott,UFA,4900000,PF,30,TOT,79,1395,8.6,0.528,0.6,0.079,3.4,17.2,10.5,6.4,0.9,0.7,9.2,14.4,0.4,1.2,1.6,0.053,-1.9,-0.7,-2.5,-0.2,3,5.7,14.2,0.4,3.4,8.5,0.401,2.3,5.7,0.399,0.7,1.1,0.667,1.5,7.9,9.3,2.2,0.9,0.4,1.5,5.3,15.5,105.0,112
74,Mike Muscala,UFA,2155814,PF,27,TOT,64,1306,10.8,0.564,0.709,0.235,4.7,14.7,9.8,7.7,0.8,2.3,10.8,14.3,1.2,1.2,2.5,0.091,-0.8,-0.3,-1.1,0.3,10,5.2,13.0,0.402,3.2,9.2,0.348,2.0,3.8,0.533,2.5,3.1,0.824,2.1,6.7,8.8,2.7,0.8,1.4,1.7,4.7,16.2,113.0,111
75,Michael Carter-Williams,UFA,2028594,PG,27,TOT,28,372,14.7,0.458,0.309,0.431,5.4,15.0,10.1,26.5,2.6,3.4,12.0,19.4,0.2,0.6,0.8,0.099,-1.4,2.2,0.8,0.3,1,6.1,16.2,0.374,1.3,5.0,0.263,4.7,11.2,0.424,4.2,7.0,0.604,2.5,6.7,9.2,9.2,2.6,2.0,2.6,6.3,17.6,106.0,106
76,Maxi Kleber,RFA,8975000,PF,27,DAL,71,1502,13.1,0.579,0.565,0.192,6.5,16.9,11.7,6.8,1.2,4.4,11.4,13.5,1.6,1.8,3.5,0.111,-0.8,1.2,0.4,0.9,18,5.7,12.5,0.453,2.5,7.0,0.353,3.2,5.4,0.583,1.9,2.4,0.784,2.9,7.7,10.6,2.3,1.2,2.5,1.7,4.6,15.7,115.0,109
77,Marquese Chriss,UFA,-,PF,21,TOT,43,499,9.2,0.455,0.4,0.25,8.6,23.6,15.8,6.5,1.7,1.9,15.3,20.6,-0.6,0.4,-0.2,-0.023,-5.7,-1.9,-7.5,-0.7,2,6.7,17.9,0.372,1.6,7.1,0.222,5.1,10.7,0.472,3.2,4.5,0.711,4.0,10.1,14.1,2.2,1.7,1.1,3.6,8.0,18.1,92.0,113
78,Markieff Morris,UFA,3280000,PF,29,TOT,58,1270,11.7,0.521,0.419,0.19,5.0,17.5,11.1,8.8,1.3,1.5,9.3,19.1,0.6,1.1,1.6,0.061,-2.1,-0.6,-2.7,-0.2,16,7.6,18.0,0.421,2.5,7.5,0.335,5.0,10.4,0.484,2.6,3.4,0.772,2.3,7.6,9.8,2.9,1.3,0.8,2.0,6.5,20.3,106.0,112
79,Mario Hezonja,UFA,1830141,SF,23,NYK,58,1206,10.8,0.497,0.328,0.246,2.4,18.7,10.4,11.5,2.3,0.6,14.6,21.3,-1.1,1.1,-0.1,-0.003,-3.5,-0.3,-3.8,-0.5,24,7.6,18.5,0.412,1.7,6.1,0.276,6.0,12.5,0.478,3.5,4.6,0.763,1.1,8.4,9.6,3.5,2.3,0.3,3.5,4.4,20.4,94.0,112
80,Marcus Derrickson,UFA,-,PF,22,GSW,11,67,19.4,0.653,0.606,0.152,13.3,7.6,10.4,2.2,0.0,1.3,7.9,24.4,0.2,0.0,0.2,0.155,2.6,-5.3,-2.7,0.0,0,11.4,23.4,0.485,7.1,14.2,0.5,4.3,9.2,0.462,2.8,3.6,0.8,5.7,3.6,9.2,0.7,0.0,0.7,2.1,6.4,32.7,123.0,116
81,Malcolm Brogdon,RFA,21250000,SG,26,MIL,64,1832,17.8,0.614,0.326,0.203,3.8,11.7,8.0,16.2,1.2,0.6,10.0,20.7,4.2,2.3,6.5,0.171,2.0,0.1,2.2,1.9,64,9.6,19.0,0.505,2.6,6.2,0.426,7.0,12.8,0.544,3.6,3.9,0.928,1.6,5.7,7.3,5.2,1.2,0.3,2.3,2.6,25.4,121.0,108
82,Luol Deng,UFA,-,SF,33,MIN,22,392,14.6,0.588,0.373,0.297,5.4,14.6,10.0,6.5,1.8,1.7,9.5,15.8,0.5,0.3,0.8,0.101,0.2,-0.3,0.0,0.2,2,7.2,14.4,0.5,1.7,5.4,0.318,5.5,9.0,0.608,3.1,4.3,0.714,2.4,6.5,8.9,2.2,1.8,1.0,1.7,2.9,19.2,117.0,113
83,Luke Kornet,UFA,2250000,PF,23,NYK,46,784,14.8,0.531,0.682,0.163,3.6,14.6,9.0,10.5,1.7,4.5,7.6,17.9,0.6,0.7,1.4,0.083,1.4,0.7,2.1,0.8,18,6.6,17.4,0.378,4.3,11.9,0.363,2.3,5.5,0.411,2.3,2.8,0.826,1.7,6.6,8.3,3.3,1.7,2.6,1.5,2.5,19.8,110.0,111
84,Lance Thomas,UFA,-,PF,30,NYK,46,783,6.4,0.482,0.401,0.183,2.7,13.1,7.8,5.0,1.0,0.8,10.1,12.9,-0.3,0.3,0.1,0.004,-4.8,-0.9,-5.7,-0.7,17,4.8,12.1,0.396,1.4,4.9,0.278,3.4,7.3,0.475,1.7,2.2,0.75,1.3,5.9,7.2,1.7,1.0,0.4,1.5,5.1,12.6,97.0,116
85,Lance Stephenson,UFA,-,SG,28,LAL,68,1123,11.8,0.529,0.456,0.169,3.0,16.5,9.9,17.3,1.7,0.5,15.6,20.3,-0.1,1.2,1.1,0.049,-1.6,0.1,-1.5,0.1,3,7.6,17.9,0.426,3.0,8.2,0.371,4.6,9.7,0.472,2.1,3.0,0.685,1.3,7.6,8.9,5.8,1.7,0.3,3.6,4.6,20.3,101.0,110
86,Kyrie Irving,UFA,34122650,PG,26,BOS,67,2214,24.3,0.592,0.35,0.197,3.4,12.7,8.1,35.0,2.2,1.4,11.3,29.6,6.2,2.9,9.1,0.197,6.0,1.1,7.2,5.1,67,13.1,27.0,0.487,3.8,9.4,0.401,9.4,17.6,0.533,4.7,5.3,0.873,1.5,5.7,7.3,10.1,2.2,0.7,3.7,3.6,34.7,118.0,108
87,Kyle O'Quinn,UFA,2028594,C,28,IND,45,371,16.8,0.537,0.088,0.154,8.9,26.4,17.8,22.4,1.2,6.0,17.6,20.8,0.2,0.8,1.0,0.125,-2.5,3.0,0.4,0.2,3,9.1,17.9,0.507,0.1,1.6,0.083,9.0,16.3,0.548,2.2,2.8,0.81,3.8,11.9,15.7,7.4,1.2,3.3,4.1,9.0,20.6,106.0,102
88,Kyle Korver,UFA,2564753,SG-PF,37,TOT,70,1334,11.2,0.582,0.72,0.151,0.7,12.4,6.6,8.9,0.9,0.7,10.3,18.5,1.0,1.3,2.3,0.082,-0.2,-0.3,-0.5,0.5,0,7.3,17.4,0.416,5.0,12.6,0.397,2.3,4.9,0.467,2.2,2.6,0.822,0.3,5.5,5.9,2.9,0.9,0.4,2.1,3.8,21.7,109.0,111
89,Kosta Koufos,UFA,-,C,29,SAC,42,502,12.3,0.477,0.0,0.157,10.4,26.3,18.2,9.5,1.4,3.1,14.2,15.7,0.0,0.7,0.7,0.063,-3.6,0.2,-3.4,-0.2,1,6.8,14.2,0.477,0.0,0.0,,6.8,14.2,0.477,0.9,2.2,0.417,4.8,11.6,16.4,3.3,1.4,1.7,2.5,6.3,14.5,101.0,108
90,Klay Thompson,UFA,37980720,SG,28,GSW,78,2652,16.6,0.571,0.427,0.113,1.6,10.1,6.0,10.5,1.5,1.5,7.2,25.6,2.9,2.3,5.3,0.095,1.1,-1.4,-0.3,1.2,78,11.8,25.2,0.467,4.3,10.7,0.402,7.4,14.4,0.516,2.3,2.8,0.816,0.7,4.7,5.4,3.3,1.5,0.8,2.1,2.8,30.1,110.0,112
91,Khris Middleton,UFA,35500000,SF,27,MIL,77,2393,16.5,0.558,0.413,0.225,2.3,16.5,9.8,20.1,1.6,0.2,12.1,25.1,2.5,3.6,6.1,0.123,0.7,0.1,0.8,1.7,77,9.8,22.3,0.441,3.5,9.2,0.378,6.4,13.1,0.485,4.2,5.0,0.837,1.0,8.0,9.0,6.4,1.6,0.1,3.4,3.3,27.3,109.0,106
92,Khem Birch,RFA,3000000,C,26,ORL,50,643,19.2,0.64,0.007,0.55,13.0,18.8,15.8,8.5,1.4,3.8,9.6,14.1,1.8,1.0,2.8,0.212,0.1,1.0,1.2,0.5,1,6.9,11.5,0.603,0.0,0.1,0.0,6.9,11.4,0.607,4.4,6.3,0.699,6.0,8.4,14.5,2.9,1.4,2.2,1.5,5.5,18.3,134.0,106
93,Kevon Looney,UFA,4821429,C,22,GSW,80,1481,17.3,0.636,0.029,0.303,14.6,15.4,15.0,10.9,1.5,3.0,11.5,12.8,4.2,1.8,6.0,0.194,0.1,0.4,0.5,0.9,24,7.0,11.1,0.625,0.0,0.3,0.1,6.9,10.8,0.641,2.1,3.4,0.619,6.2,7.2,13.4,4.0,1.5,1.7,1.6,6.8,16.1,135.0,109
94,Kevin Durant,UFA,41063925,SF,30,GSW,78,2702,24.2,0.631,0.281,0.366,1.4,17.5,9.8,26.2,1.0,2.6,12.3,29.0,8.6,2.9,11.5,0.204,5.4,0.1,5.5,5.1,78,12.7,24.4,0.521,2.4,6.8,0.353,10.3,17.5,0.587,7.9,8.9,0.885,0.6,8.2,8.8,8.0,1.0,1.5,4.0,2.7,35.7,121.0,110
95,Kentavious Caldwell-Pope,UFA,8291514,SG,25,LAL,82,2035,12.9,0.568,0.575,0.209,2.5,9.4,6.0,7.5,1.7,0.5,7.3,18.1,2.3,1.8,4.0,0.095,-0.3,-0.1,-0.5,0.8,23,7.4,17.3,0.43,3.5,9.9,0.347,4.0,7.3,0.542,3.1,3.6,0.867,1.1,4.3,5.4,2.5,1.7,0.3,1.5,3.1,21.4,113.0,112
96,Kenneth Faried,UFA,-,C,29,TOT,37,728,21.6,0.622,0.094,0.374,14.4,23.4,18.8,4.6,1.1,2.7,9.7,20.3,2.1,0.9,2.9,0.193,1.3,-1.5,-0.2,0.3,13,10.5,17.8,0.589,0.5,1.7,0.32,9.9,16.1,0.617,4.3,6.6,0.646,6.5,10.3,16.8,1.3,1.1,1.5,2.2,5.5,25.7,125.0,109
97,Kemba Walker,UFA,35197650,PG,28,CHO,82,2863,21.7,0.558,0.434,0.267,1.9,11.9,6.8,29.4,1.7,1.0,10.1,31.5,5.5,1.9,7.4,0.123,5.2,-1.0,4.2,4.4,82,12.4,28.6,0.434,4.4,12.4,0.356,8.0,16.2,0.494,6.5,7.6,0.844,0.9,5.2,6.1,8.2,1.7,0.6,3.6,2.2,35.7,112.0,114
98,Kelly Oubre Jr.,RFA,15000000,SF,23,TOT,69,1935,15.2,0.551,0.401,0.29,4.0,14.6,9.2,6.8,2.1,2.5,9.8,23.2,0.9,1.3,2.2,0.054,-0.3,-0.9,-1.2,0.4,19,9.2,20.7,0.445,2.7,8.3,0.32,6.6,12.4,0.53,4.6,6.0,0.775,1.7,6.2,8.0,2.1,2.1,1.5,2.5,4.5,25.8,105.0,113
99,Kawhi Leonard,UFA,34379100,SF,27,TOR,60,2040,25.8,0.606,0.267,0.377,4.2,18.6,11.6,16.4,2.5,1.0,8.4,30.3,6.1,3.4,9.5,0.224,6.1,1.1,7.2,4.7,60,13.2,26.5,0.496,2.6,7.1,0.371,10.5,19.4,0.542,8.6,10.0,0.854,1.8,8.5,10.3,4.7,2.5,0.6,2.8,2.0,37.5,119.0,105
100,Justin Holiday,UFA,4767000,SG,29,TOT,82,2607,10.0,0.52,0.598,0.136,1.9,11.9,6.8,8.1,2.3,1.2,11.2,15.7,-0.4,2.5,2.1,0.038,-2.3,0.5,-1.8,0.1,77,5.6,14.6,0.386,3.0,8.8,0.348,2.6,5.9,0.442,1.8,2.0,0.896,0.9,5.2,6.1,2.7,2.3,0.7,2.0,3.1,16.1,100.0,111
101,Justin Anderson,UFA,-,SF,25,ATL,48,463,11.2,0.516,0.49,0.223,5.3,13.9,9.5,6.9,2.2,2.4,11.8,17.2,0.1,0.4,0.4,0.043,-2.4,-0.3,-2.7,-0.1,4,6.4,15.7,0.408,2.4,7.7,0.312,4.0,8.0,0.5,2.6,3.5,0.743,2.4,6.0,8.4,2.3,2.2,1.3,2.3,4.8,17.8,103.0,113
102,Julius Randle,UFA,20700000,PF,24,NOP,73,2232,21.0,0.6,0.179,0.447,7.6,21.6,14.7,15.8,1.1,1.6,13.8,27.8,4.2,1.9,6.1,0.131,2.1,-0.6,1.5,2.0,49,11.9,22.7,0.524,1.4,4.1,0.344,10.5,18.6,0.564,7.4,10.1,0.731,3.4,9.8,13.2,4.8,1.1,0.9,4.3,5.1,32.6,113.0,112
103,Julian Washburn,UFA,-,SF,27,MEM,18,254,6.5,0.402,0.5,0.083,3.5,14.8,9.1,7.7,2.5,0.7,12.3,10.0,-0.2,0.3,0.1,0.023,-5.1,0.5,-4.6,-0.2,3,3.1,9.4,0.333,1.0,4.7,0.208,2.2,4.7,0.458,0.6,0.8,0.75,1.6,6.5,8.0,2.7,2.5,0.4,1.4,3.1,7.8,89.0,108
104,Jose Calderon,UFA,-,PG,37,DET,49,632,7.1,0.453,0.475,0.092,1.8,8.8,5.2,24.9,1.2,0.4,21.9,10.9,0.0,0.5,0.6,0.043,-4.2,0.3,-3.9,-0.3,0,3.5,9.4,0.375,1.1,4.4,0.246,2.4,4.9,0.492,0.7,0.9,0.818,0.9,3.8,4.7,9.0,1.2,0.2,2.7,5.0,8.8,102.0,112
105,Jordan Loyd,UFA,-,PG,25,TOR,12,55,16.3,0.635,0.444,0.611,2.0,15.3,8.8,15.1,0.0,0.0,8.1,19.4,0.2,0.0,0.2,0.19,0.0,-0.9,-1.0,0.0,0,7.0,15.7,0.444,3.5,7.0,0.5,3.5,8.7,0.4,7.8,9.6,0.818,0.9,7.0,7.8,5.2,0.0,0.0,1.7,4.4,25.3,130.0,112
106,Jordan Bell,RFA,1620564,C,24,GSW,68,788,12.9,0.531,0.01,0.214,7.8,16.7,12.5,12.3,1.2,5.4,16.7,13.7,0.5,1.1,1.6,0.096,-2.2,1.3,-0.9,0.2,3,6.0,11.6,0.516,0.0,0.1,0.0,6.0,11.5,0.521,1.5,2.5,0.61,3.3,7.8,11.1,4.6,1.2,3.1,2.5,4.8,13.5,109.0,108
107,Jonathon Simmons,UFA,-,SG-SF,29,TOT,56,1064,8.5,0.466,0.297,0.277,2.7,10.0,6.3,16.7,1.3,1.2,14.8,18.7,-0.8,1.1,0.3,0.013,-3.9,-0.3,-4.2,-0.6,9,6.1,16.0,0.38,1.3,4.7,0.269,4.8,11.2,0.427,3.3,4.4,0.742,1.2,4.5,5.8,5.8,1.3,0.7,3.1,4.1,16.7,95.0,111
108,Jonas Valanciunas,UFA,15000000,C,26,TOT,49,1091,24.4,0.616,0.089,0.344,10.7,31.4,21.1,12.0,0.8,4.4,12.7,28.5,2.2,1.9,4.2,0.183,2.2,0.4,2.6,1.3,27,13.5,24.0,0.559,0.6,2.1,0.292,12.8,21.9,0.586,6.6,8.3,0.795,4.7,14.0,18.7,3.1,0.8,2.4,4.0,6.5,34.1,114.0,104
109,Jonas Jerebko,UFA,-,PF,31,GSW,73,1218,13.5,0.588,0.53,0.225,6.6,18.1,12.6,10.1,1.1,1.2,9.9,15.2,2.1,1.2,3.3,0.13,-0.3,-0.4,-0.7,0.4,6,6.4,13.9,0.459,2.7,7.3,0.367,3.7,6.5,0.563,2.5,3.1,0.8,2.8,8.4,11.2,3.7,1.1,0.7,1.7,5.4,17.9,120.0,111
110,Jon Leuer,UFA,-,PF,29,DET,41,402,13.2,0.616,0.097,0.274,7.1,19.8,13.2,5.5,1.5,0.8,15.4,16.1,0.4,0.5,0.9,0.11,-2.8,0.4,-2.5,0.0,1,8.1,13.9,0.584,0.1,1.3,0.091,8.0,12.5,0.637,2.8,3.8,0.742,3.3,8.6,11.9,1.7,1.5,0.5,2.8,7.4,19.1,113.0,109
111,Johnathan Williams,RFA,-,C,23,LAL,24,372,15.1,0.599,0.018,0.436,13.6,13.9,13.7,4.9,1.0,1.5,10.9,16.4,0.7,0.3,1.0,0.135,-2.0,-1.1,-3.2,-0.1,0,8.1,13.8,0.591,0.0,0.3,0.0,8.1,13.5,0.602,3.4,6.0,0.563,6.0,6.4,12.4,1.6,1.0,0.9,2.0,7.8,19.6,120.0,111
112,Johnathan Motley,UFA,-,PF,23,LAC,22,156,18.9,0.563,0.041,0.548,12.6,21.7,17.3,11.7,1.5,1.5,15.0,28.8,0.1,0.2,0.3,0.092,-1.2,-0.7,-1.9,0.0,0,11.8,22.1,0.534,0.0,0.9,0.0,11.8,21.2,0.557,7.3,12.1,0.6,5.4,10.0,15.4,3.3,1.5,0.9,4.8,8.2,30.9,106.0,109
113,John Jenkins,UFA,-,SG,27,TOT,26,333,9.7,0.536,0.552,0.171,1.8,10.0,5.8,9.9,0.0,0.5,7.4,15.7,0.2,0.0,0.2,0.031,-1.0,-2.4,-3.4,-0.1,0,6.1,15.2,0.4,3.2,8.4,0.379,2.9,6.8,0.426,2.2,2.6,0.833,0.9,4.5,5.4,3.2,0.0,0.3,1.3,1.4,17.5,109.0,119
114,Joe Chealey,UFA,-,PG,23,CHO,1,8,2.0,0.333,0.0,0.0,0.0,0.0,0.0,17.7,0.0,0.0,0.0,16.2,0.0,0.0,0.0,-0.08,-8.5,-6.0,-14.6,0.0,0,6.1,18.2,0.333,0.0,0.0,,6.1,18.2,0.333,0.0,0.0,,0.0,0.0,0.0,6.1,0.0,0.0,0.0,6.1,12.2,86.0,121
115,Jodie Meeks,UFA,-,SG,31,TOR,8,104,16.0,0.647,0.462,0.026,1.1,11.1,6.2,11.5,0.5,0.8,4.8,17.1,0.2,0.1,0.3,0.153,1.4,-0.8,0.5,0.1,0,9.7,18.0,0.538,3.7,8.3,0.444,6.0,9.7,0.619,0.5,0.5,1.0,0.5,5.1,5.5,3.7,0.5,0.5,0.9,2.3,23.5,127.0,112
116,Joakim Noah,UFA,-,C,33,MEM,42,693,18.6,0.571,0.005,0.512,9.2,29.6,19.3,20.6,1.4,4.2,16.1,20.0,1.0,1.2,2.2,0.15,-0.3,2.4,2.1,0.7,1,7.9,15.3,0.516,0.0,0.1,0.0,7.9,15.2,0.519,5.6,7.8,0.716,4.2,12.9,17.1,6.4,1.4,2.2,3.6,6.9,21.4,113.0,105
117,Jimmy Butler,UFA,35197650,SF-SG,29,TOT,65,2185,20.2,0.571,0.213,0.404,6.0,10.5,8.3,18.0,2.7,1.4,8.2,22.3,5.4,2.5,7.9,0.173,2.8,0.9,3.7,3.2,65,9.1,19.6,0.462,1.5,4.2,0.347,7.6,15.4,0.494,6.8,7.9,0.855,2.6,4.8,7.4,5.7,2.7,0.8,2.1,2.4,26.3,121.0,110
118,Jimmer Fredette,UFA,-,SG,29,PHO,6,65,3.6,0.348,0.448,0.207,1.7,10.4,6.0,17.5,2.2,0.0,13.6,24.2,-0.2,0.0,-0.2,-0.166,-8.4,-2.9,-11.3,-0.2,0,5.9,21.3,0.276,0.0,9.5,0.0,5.9,11.8,0.5,4.4,4.4,1.0,0.7,4.4,5.1,5.9,2.2,0.0,3.7,3.7,16.2,75.0,117
119,Jerryd Bayless,UFA,-,PG,30,MIN,34,657,8.5,0.431,0.426,0.122,1.8,8.4,5.0,24.6,1.3,0.3,11.7,17.6,-0.2,0.2,0.0,-0.003,-2.9,-1.7,-4.6,-0.4,6,6.0,16.8,0.357,2.1,7.1,0.296,3.9,9.6,0.402,1.2,2.0,0.571,0.8,3.7,4.5,8.7,1.3,0.1,2.3,4.1,15.2,98.0,117
120,Jerian Grant,UFA,-,PG,26,ORL,60,939,10.8,0.526,0.5,0.182,2.1,9.1,5.6,22.4,2.3,0.5,17.7,13.4,0.5,1.1,1.7,0.085,-2.9,1.3,-1.6,0.1,1,4.8,11.5,0.418,2.1,5.7,0.364,2.7,5.7,0.473,1.4,2.1,0.65,1.0,4.1,5.1,8.1,2.3,0.3,2.7,4.1,13.0,108.0,109
121,Jeremy Lin,UFA,-,PG,30,TOT,74,1436,13.5,0.558,0.346,0.388,1.6,11.7,6.6,23.4,1.5,0.8,16.4,21.8,1.2,0.9,2.1,0.07,-1.4,-0.9,-2.2,-0.1,4,7.7,17.6,0.44,1.8,6.1,0.294,6.0,11.5,0.517,5.7,6.8,0.838,0.7,5.1,5.8,7.5,1.5,0.4,4.0,4.7,23.0,108.0,114
122,Jeremy Lamb,UFA,10500000,SG,26,CHO,79,2250,17.3,0.552,0.337,0.266,3.1,18.1,10.4,11.9,1.9,1.2,6.8,22.5,3.3,2.0,5.3,0.113,1.2,0.0,1.2,1.8,55,9.3,21.2,0.44,2.5,7.1,0.348,6.8,14.0,0.487,5.0,5.6,0.888,1.4,8.0,9.4,3.7,1.9,0.7,1.7,3.0,26.1,113.0,111
123,Jeff Green,UFA,2564753,PF,32,WAS,77,2097,13.6,0.608,0.466,0.3,2.9,13.3,8.0,9.2,1.0,1.6,11.5,17.8,2.8,0.8,3.6,0.083,0.0,-1.4,-1.4,0.3,44,7.4,15.5,0.475,2.5,7.2,0.347,4.9,8.3,0.586,4.1,4.7,0.888,1.3,5.7,7.0,3.1,1.0,0.9,2.3,3.6,21.4,115.0,116
124,Jaylen Adams,UFA,-,PG,22,ATL,34,428,7.6,0.474,0.673,0.082,2.6,12.3,7.4,19.8,1.5,1.0,19.7,13.5,-0.1,0.2,0.1,0.011,-3.8,-0.5,-4.3,-0.2,1,4.1,11.9,0.345,2.7,8.0,0.338,1.4,3.9,0.361,0.8,1.0,0.778,1.2,5.3,6.5,7.0,1.5,0.5,3.0,4.9,11.7,99.0,115
125,JaVale McGee,UFA,4100000,C,31,LAL,75,1671,21.8,0.634,0.019,0.237,12.3,22.5,17.5,4.8,1.3,7.3,13.2,20.2,3.0,2.9,5.9,0.171,0.3,1.2,1.4,1.4,62,11.1,17.9,0.624,0.0,0.3,0.083,11.1,17.5,0.634,2.7,4.2,0.632,5.4,10.3,15.8,1.4,1.3,4.1,3.0,5.8,25.0,117.0,104
126,Jason Smith,UFA,-,PF-C,32,TOT,20,190,9.8,0.492,0.441,0.271,9.0,20.2,14.6,9.7,0.7,3.1,16.4,17.5,0.0,0.2,0.2,0.038,-3.7,-1.0,-4.7,-0.1,1,5.2,14.6,0.356,2.2,6.4,0.346,3.0,8.2,0.364,3.5,4.0,0.875,4.0,8.9,12.9,3.5,0.7,1.7,3.2,7.4,16.1,100.0,111
127,Jaron Blossomgame,UFA,-,SF,25,CLE,27,439,10.2,0.51,0.368,0.123,6.3,19.1,12.4,4.2,0.8,1.6,9.0,12.2,0.2,0.1,0.3,0.03,-1.9,-1.8,-3.8,-0.2,4,5.3,12.0,0.443,1.1,4.4,0.256,4.2,7.6,0.552,1.1,1.5,0.769,2.9,8.1,11.1,1.5,0.8,0.9,1.2,2.3,12.9,108.0,118
128,Jarell Martin,UFA,1737145,PF,24,ORL,42,328,9.4,0.528,0.548,0.106,3.5,20.5,11.9,7.8,0.4,2.0,9.2,15.9,0.1,0.4,0.5,0.073,-3.7,-0.2,-3.9,-0.2,1,6.4,15.5,0.413,3.0,8.5,0.351,3.4,7.0,0.489,1.3,1.6,0.818,1.6,9.3,10.9,2.7,0.4,1.2,1.6,7.6,17.2,105.0,109
129,Jared Dudley,UFA,2564753,PF,33,BRK,59,1220,7.8,0.554,0.632,0.192,2.9,10.4,6.7,9.2,1.4,1.0,14.2,10.4,0.6,1.2,1.8,0.07,-2.9,1.1,-1.8,0.1,25,3.9,9.3,0.423,2.1,5.9,0.351,1.9,3.4,0.545,1.2,1.8,0.696,1.3,4.7,6.0,3.2,1.4,0.6,1.7,5.1,11.2,110.0,111
130,JaMychal Green,UFA,4886175,PF,28,TOT,65,1371,14.7,0.587,0.37,0.212,8.3,24.3,16.4,5.8,1.6,2.3,14.3,19.4,0.9,1.9,2.9,0.101,-1.3,-0.4,-1.7,0.1,6,8.2,16.9,0.483,2.5,6.3,0.403,5.7,10.7,0.53,2.8,3.6,0.792,3.7,10.9,14.6,1.8,1.6,1.2,3.1,6.9,21.8,108.0,107
131,James Ennis,UFA,2006445,SF,28,TOT,58,1230,11.0,0.59,0.531,0.276,5.3,10.9,8.1,4.7,1.6,1.6,9.3,12.7,1.6,1.0,2.6,0.103,-1.4,-0.2,-1.5,0.1,27,5.5,11.6,0.469,2.2,6.2,0.353,3.3,5.5,0.601,2.3,3.2,0.716,2.4,4.8,7.2,1.6,1.6,0.9,1.3,5.9,15.4,119.0,112
132,Jamal Crawford,UFA,-,SG,38,PHO,64,1211,11.7,0.522,0.461,0.251,0.7,7.2,3.9,27.7,1.3,0.8,16.9,20.8,0.1,0.0,0.2,0.006,-1.1,-2.8,-3.9,-0.6,0,6.9,17.3,0.397,2.6,8.0,0.332,4.2,9.3,0.453,3.7,4.3,0.845,0.3,3.0,3.4,9.0,1.3,0.5,3.9,3.0,20.0,102.0,119
133,Jalen Jones,RFA,-,SF,25,CLE,16,214,11.7,0.548,0.452,0.435,5.5,12.5,8.8,4.8,2.1,0.8,9.8,16.7,0.2,0.1,0.3,0.056,-2.3,-1.9,-4.3,-0.1,0,6.0,14.4,0.419,2.3,6.5,0.357,3.7,7.9,0.471,4.4,6.3,0.704,2.6,5.3,7.9,1.6,2.1,0.5,1.9,6.3,18.8,111.0,117
134,Jake Layman,RFA,3761085,SF,24,POR,71,1327,13.5,0.594,0.427,0.167,4.6,12.6,8.7,5.6,1.1,1.8,9.2,15.9,1.9,1.2,3.1,0.111,-0.1,-0.3,-0.5,0.5,33,7.9,15.5,0.509,2.2,6.6,0.326,5.7,8.9,0.646,1.8,2.6,0.704,2.0,5.9,7.9,1.9,1.1,1.1,1.7,4.2,19.7,118.0,112
135,JaKarr Sampson,UFA,1737145,SF,25,CHI,4,127,22.5,0.633,0.259,0.389,4.2,23.4,13.7,5.3,1.5,2.0,5.9,23.1,0.3,0.1,0.5,0.173,3.6,0.2,3.7,0.2,0,11.1,20.6,0.537,1.9,5.3,0.357,9.2,15.3,0.6,6.5,8.0,0.81,1.9,10.3,12.2,1.5,1.5,1.1,1.5,3.1,30.5,123.0,111
136,Jabari Parker,UFA,6500000,PF,23,TOT,64,1724,15.5,0.56,0.26,0.246,4.9,21.8,13.3,14.1,1.3,1.5,15.4,24.6,0.1,1.3,1.4,0.039,-0.7,-0.9,-1.5,0.2,17,10.3,20.9,0.493,1.7,5.4,0.313,8.6,15.4,0.556,3.7,5.1,0.712,2.2,9.5,11.7,4.2,1.3,0.8,4.2,4.0,25.9,102.0,113
137,J.R. Smith,UFA,-,SG,33,CLE,11,222,7.8,0.444,0.494,0.127,0.0,9.4,4.5,13.8,2.5,1.2,11.7,18.6,-0.3,0.1,-0.2,-0.038,-3.7,0.5,-3.2,-0.1,4,6.0,17.7,0.342,2.7,8.7,0.308,3.4,8.9,0.375,1.8,2.2,0.8,0.0,4.0,4.0,4.7,2.5,0.7,2.5,4.3,16.6,91.0,116
138,J.P. Macura,UFA,-,SG,23,CHO,2,17,5.7,0.333,0.444,0.0,0.0,19.4,9.5,18.0,0.0,0.0,0.0,22.8,0.0,0.0,0.0,-0.11,-4.7,-2.9,-7.7,0.0,0,8.6,25.7,0.333,0.0,11.4,0.0,8.6,14.3,0.6,0.0,0.0,,0.0,8.6,8.6,5.7,0.0,0.0,0.0,0.0,17.2,81.0,116
139,J.J. Redick,UFA,13250000,SG,34,PHI,76,2379,15.1,0.602,0.589,0.248,0.9,7.2,4.1,12.9,0.6,0.6,8.1,21.9,4.6,1.2,5.9,0.118,2.2,-2.0,0.2,1.3,63,9.0,20.4,0.44,4.8,12.0,0.397,4.2,8.4,0.502,4.5,5.1,0.894,0.4,3.3,3.7,4.1,0.6,0.3,2.0,2.6,27.2,118.0,115
140,Ivica Zubac,RFA,7000000,C,21,TOT,59,1040,18.9,0.604,0.0,0.332,11.9,24.2,18.2,9.1,0.6,4.0,13.9,20.3,1.9,1.3,3.2,0.148,-0.2,-0.2,-0.5,0.4,37,9.6,17.1,0.559,0.0,0.0,,9.6,17.1,0.559,4.6,5.7,0.802,5.2,11.1,16.3,2.8,0.6,2.3,3.2,6.2,23.7,116.0,108
141,Isaiah Thomas,UFA,2320044,SG,29,DEN,12,181,7.0,0.437,0.434,0.273,3.0,4.8,3.9,18.6,1.4,0.5,14.0,30.4,-0.4,0.1,-0.3,-0.077,-4.0,-2.5,-6.5,-0.2,0,9.2,26.9,0.343,3.3,11.7,0.279,6.0,15.2,0.393,4.6,7.3,0.63,1.4,2.2,3.5,6.2,1.4,0.3,4.9,4.6,26.3,88.0,113
142,Isaac Humphries,UFA,-,C,21,ATL,5,56,3.4,0.357,0.524,0.0,7.4,13.4,10.3,0.0,0.8,0.0,0.0,15.2,-0.1,0.0,-0.1,-0.047,-6.2,-4.7,-11.0,-0.1,1,5.0,17.3,0.286,2.5,9.1,0.273,2.5,8.3,0.3,0.0,0.0,,3.3,5.8,9.1,0.0,0.8,0.0,0.0,5.8,12.4,87.0,117
143,Iman Shumpert,UFA,2031677,SG,28,TOT,62,1481,9.1,0.499,0.612,0.101,1.9,11.4,6.5,9.9,1.9,1.4,9.7,14.5,0.1,1.2,1.4,0.045,-2.4,0.5,-1.9,0.0,41,5.3,14.2,0.374,3.0,8.7,0.348,2.3,5.5,0.416,1.1,1.4,0.8,0.9,5.0,5.8,3.6,1.9,0.8,1.6,4.0,14.8,103.0,112
144,Ian Clark,UFA,-,SG,27,NOP,60,973,8.3,0.502,0.527,0.097,1.4,8.0,4.7,12.9,1.1,0.7,12.7,19.3,-0.4,0.3,-0.1,-0.003,-3.3,-1.8,-5.1,-0.8,6,7.2,18.3,0.394,3.2,9.6,0.327,4.1,8.6,0.47,1.6,1.8,0.892,0.6,3.6,4.3,4.5,1.1,0.4,2.8,4.5,19.2,98.0,116
145,Henry Ellenson,UFA,-,PF,22,TOT,19,259,13.1,0.538,0.4,0.263,2.0,25.5,13.4,9.6,1.3,0.7,7.8,19.0,0.2,0.2,0.4,0.077,-1.0,-0.5,-1.5,0.0,0,7.3,17.7,0.411,3.2,7.1,0.447,4.1,10.6,0.386,3.5,4.7,0.76,0.9,11.4,12.3,3.0,1.3,0.4,1.7,5.0,21.3,108.0,112
146,Harrison Barnes,UFA,21250000,PF-SF,26,TOT,77,2533,12.8,0.55,0.429,0.271,2.4,12.7,7.5,6.7,0.9,0.4,7.9,20.9,2.0,1.6,3.6,0.068,-0.2,-1.2,-1.4,0.4,77,8.1,19.4,0.42,3.3,8.3,0.395,4.8,11.0,0.439,4.3,5.2,0.824,1.1,5.7,6.8,2.2,0.9,0.2,1.8,2.3,23.8,108.0,114
147,Guerschon Yabusele,UFA,-,PF,23,BOS,41,251,12.4,0.542,0.364,0.286,9.8,12.8,11.3,8.2,1.5,2.5,14.8,17.5,0.2,0.3,0.5,0.09,-2.5,-0.2,-2.7,0.0,1,6.7,14.8,0.455,1.7,5.4,0.321,5.0,9.4,0.531,2.9,4.2,0.682,4.4,5.8,10.2,2.9,1.5,1.3,2.9,6.1,18.0,108.0,109
148,Greg Monroe,UFA,-,C,28,TOT,43,480,16.0,0.521,0.026,0.381,15.4,22.9,19.3,8.1,1.4,1.4,12.7,22.6,0.4,0.7,1.1,0.108,-2.0,-1.3,-3.2,-0.1,2,9.2,18.8,0.487,0.1,0.5,0.2,9.1,18.3,0.495,4.5,7.2,0.625,6.7,10.5,17.1,2.4,1.4,0.8,3.2,6.6,22.9,107.0,106
149,Glenn Robinson III,UFA,1882867,SF,25,DET,47,610,8.7,0.511,0.352,0.227,2.9,10.0,6.4,5.1,1.1,1.1,8.5,15.0,0.1,0.6,0.7,0.054,-2.8,-0.1,-3.0,-0.2,18,6.0,14.2,0.42,1.5,5.0,0.29,4.5,9.2,0.491,2.6,3.2,0.8,1.4,4.4,5.7,1.7,1.1,0.6,1.5,3.6,16.0,104.0,112
150,George King,UFA,-,SF,25,PHO,1,6,1.9,,,,0.0,18.8,9.2,0.0,0.0,0.0,,0.0,0.0,0.0,0.0,-0.001,-5.8,-2.1,-7.9,0.0,0,0.0,0.0,,0.0,0.0,,0.0,0.0,,0.0,0.0,,0.0,8.0,8.0,0.0,0.0,0.0,0.0,0.0,0.0,,119
151,George Hill,UFA,9590602,PG,32,TOT,60,1302,12.1,0.554,0.407,0.226,3.2,8.3,5.9,14.0,1.9,0.5,11.0,15.1,1.5,1.3,2.8,0.103,-1.9,0.5,-1.4,0.2,13,6.2,13.7,0.452,1.7,5.6,0.314,4.4,8.1,0.547,2.5,3.1,0.824,1.4,4.0,5.4,4.9,1.9,0.3,1.9,3.7,16.6,114.0,110
152,Garrett Temple,UFA,4767000,SG,32,TOT,75,2040,8.5,0.543,0.535,0.217,1.5,10.2,5.8,7.4,1.8,1.4,11.5,13.2,0.3,2.0,2.2,0.052,-3.3,0.5,-2.8,-0.4,55,5.0,11.9,0.422,2.2,6.3,0.341,2.8,5.5,0.515,1.9,2.6,0.748,0.7,4.5,5.2,2.5,1.8,0.7,1.7,4.9,14.1,103.0,111
153,Furkan Korkmaz,UFA,1691680,SG,21,PHI,48,679,11.5,0.528,0.588,0.18,2.6,13.8,8.3,10.7,2.0,0.2,8.6,17.9,0.4,0.7,1.1,0.079,-1.6,-0.2,-1.8,0.0,7,6.8,17.0,0.4,3.3,10.0,0.326,3.5,7.0,0.505,2.5,3.1,0.818,1.1,6.3,7.4,3.6,2.0,0.1,1.7,4.3,19.4,108.0,110
154,Frank Mason III,UFA,-,PG,24,SAC,38,435,12.4,0.502,0.379,0.337,1.4,9.0,5.1,26.3,1.7,0.8,15.6,21.8,0.0,0.3,0.3,0.033,-1.9,-1.3,-3.1,-0.1,0,7.6,18.1,0.42,1.5,6.8,0.219,6.1,11.2,0.543,4.2,6.1,0.684,0.6,4.0,4.6,9.0,1.7,0.4,3.9,3.6,20.9,102.0,114
155,Frank Kaminsky,UFA,4767000,C,25,CHO,47,755,16.8,0.587,0.466,0.359,5.5,18.1,11.7,12.9,0.8,1.4,10.6,22.1,1.3,0.5,1.8,0.114,1.4,-1.1,0.3,0.4,0,8.9,19.2,0.463,3.2,9.0,0.36,5.7,10.2,0.553,5.1,6.9,0.738,2.5,8.0,10.5,4.1,0.8,0.8,2.6,4.4,26.1,115.0,114
156,Eric Moreland,UFA,-,PF,27,TOT,5,43,6.7,0.5,0.143,0.0,10.3,39.6,25.2,11.8,1.1,1.9,41.7,12.0,-0.1,0.1,0.0,0.032,-6.7,2.0,-4.7,0.0,0,3.3,7.8,0.429,1.1,1.1,1.0,2.2,6.7,0.333,0.0,0.0,,4.5,17.8,22.3,4.5,1.1,1.1,5.6,10.0,7.8,86.0,102
157,Enes Kanter,UFA,4886175,C,26,TOT,67,1640,22.3,0.594,0.05,0.288,16.4,26.1,21.1,12.1,0.9,1.3,13.3,23.1,3.9,1.6,5.4,0.159,2.5,-1.5,1.0,1.2,31,11.0,20.1,0.549,0.3,1.0,0.294,10.7,19.1,0.562,4.6,5.8,0.787,7.6,11.8,19.4,3.4,0.9,0.8,3.5,4.9,26.9,118.0,111
158,Emmanuel Mudiay,UFA,1737145,PG,22,NYK,59,1607,14.6,0.531,0.284,0.251,2.1,10.9,6.4,24.2,1.3,1.0,14.6,25.6,0.1,0.7,0.8,0.023,-0.2,-1.8,-2.0,0.0,42,9.9,22.2,0.446,2.1,6.3,0.329,7.8,15.9,0.492,4.3,5.6,0.774,1.0,4.9,5.9,6.8,1.3,0.6,4.2,3.1,26.2,102.0,116
159,Elfrid Payton,UFA,8000000,PG,24,NOP,42,1250,14.0,0.502,0.255,0.18,4.1,14.0,9.1,33.5,1.6,1.1,20.1,18.3,0.6,0.9,1.5,0.058,-0.7,-0.7,-1.4,0.2,42,6.7,15.3,0.434,1.2,3.9,0.314,5.4,11.4,0.476,2.0,2.8,0.743,1.8,6.4,8.2,11.9,1.6,0.6,4.2,3.0,16.6,106.0,113
160,Ekpe Udoh,UFA,-,C,31,UTA,51,320,20.9,0.698,0.0,0.417,9.3,20.9,15.2,12.8,1.5,7.7,13.2,13.1,0.9,0.7,1.6,0.238,0.8,3.9,4.7,0.5,1,7.5,10.8,0.694,0.0,0.0,,7.5,10.8,0.694,2.8,4.5,0.633,4.0,9.4,13.5,4.2,1.5,4.6,1.9,5.4,17.8,135.0,100
161,Edmond Sumner,RFA,2080000,PG,23,IND,23,210,7.6,0.443,0.422,0.375,4.9,7.8,6.3,6.3,2.8,2.1,11.8,17.6,-0.2,0.3,0.1,0.02,-5.8,0.5,-5.3,-0.2,2,5.1,14.9,0.344,1.6,6.3,0.259,3.5,8.6,0.405,3.5,5.6,0.625,2.1,3.5,5.6,2.3,2.8,1.2,2.3,6.1,15.4,91.0,106
162,Ed Davis,UFA,4886175,C,29,BRK,81,1446,17.3,0.632,0.007,0.536,15.8,34.6,25.2,6.0,1.2,1.8,14.6,12.7,3.3,2.5,5.7,0.191,-0.6,0.7,0.0,0.7,1,6.1,9.9,0.616,0.0,0.1,0.0,6.1,9.9,0.62,3.3,5.3,0.617,7.1,15.7,22.8,2.0,1.2,1.1,2.1,7.4,15.5,129.0,105
163,Dwight Howard,UFA,2564753,C,33,WAS,9,230,17.4,0.638,0.0,0.696,11.1,28.3,19.6,2.6,1.4,1.5,15.1,19.6,0.4,0.2,0.6,0.124,-1.3,-1.7,-3.0,-0.1,9,8.9,14.2,0.623,0.0,0.0,,8.9,14.2,0.623,6.0,9.9,0.604,4.9,12.1,17.1,0.8,1.4,0.8,3.3,7.0,23.7,116.0,111
164,Duncan Robinson,RFA,-,PF,24,MIA,15,161,7.6,0.514,0.761,0.13,1.3,11.2,6.3,4.4,1.5,0.0,7.6,14.0,0.0,0.2,0.2,0.051,-3.4,0.0,-3.4,-0.1,1,5.5,14.0,0.391,3.0,10.6,0.286,2.4,3.3,0.727,1.2,1.8,0.667,0.6,5.2,5.8,1.5,1.5,0.0,1.2,3.3,15.2,102.0,111
165,Dragan Bender,UFA,1751429,PF,21,PHO,46,826,9.5,0.521,0.513,0.274,4.5,20.3,12.3,9.4,1.0,2.2,14.4,13.4,0.0,0.4,0.5,0.027,-3.4,-0.8,-4.1,-0.5,27,5.1,11.4,0.447,1.3,5.8,0.218,3.8,5.5,0.688,1.8,3.1,0.593,2.0,8.6,10.6,3.2,1.0,1.3,2.1,5.2,13.3,102.0,115
166,Dorian Finney-Smith,RFA,4000000,SF,25,DAL,81,1985,11.0,0.53,0.481,0.195,7.5,13.4,10.5,6.9,1.7,1.5,11.4,14.0,1.2,2.0,3.3,0.079,-1.8,0.4,-1.4,0.3,26,5.6,12.9,0.432,1.9,6.2,0.311,3.6,6.7,0.544,1.8,2.5,0.709,3.4,6.1,9.5,2.3,1.7,0.9,1.8,4.5,14.9,109.0,111
167,Donte Grantham,UFA,-,SF,23,OKC,3,2,-38.1,0.0,1.0,0.0,0.0,0.0,0.0,0.0,0.0,0.0,0.0,40.7,0.0,0.0,0.0,-0.946,-23.6,-14.0,-37.6,0.0,0,0.0,46.7,0.0,0.0,46.7,0.0,0.0,0.0,,0.0,0.0,,0.0,0.0,0.0,0.0,0.0,0.0,0.0,0.0,0.0,0.0,116
168,Deyonta Davis,UFA,-,C,22,ATL,9,118,15.6,0.682,0.045,0.455,8.7,23.7,16.0,5.8,1.2,3.7,10.2,10.1,0.3,0.1,0.4,0.145,-1.5,-0.6,-2.0,0.0,0,5.9,8.6,0.682,0.0,0.4,0.0,5.9,8.2,0.714,2.3,3.9,0.6,3.9,10.2,14.1,2.0,1.2,2.0,1.2,4.7,14.1,136.0,112
169,Dewayne Dedmon,UFA,13333333,C,29,ATL,64,1609,16.0,0.602,0.413,0.215,6.7,25.0,15.7,8.1,2.0,3.8,12.7,16.7,2.1,1.9,4.0,0.119,-0.3,0.8,0.5,1.0,52,7.4,15.1,0.492,2.4,6.2,0.382,5.1,8.9,0.57,2.6,3.2,0.814,3.0,10.8,13.8,2.6,2.0,2.0,2.4,6.1,19.9,115.0,109
170,Devin Robinson,UFA,1620564,SF,23,WAS,7,95,20.6,0.616,0.063,0.438,6.7,16.2,11.4,9.5,2.0,5.3,5.0,17.9,0.2,0.1,0.3,0.175,0.8,1.1,1.9,0.1,0,9.5,16.0,0.594,0.0,1.0,0.0,9.5,15.0,0.633,4.5,7.0,0.643,3.0,7.0,10.0,3.0,2.0,3.0,1.0,5.5,23.4,127.0,110
171,Devin Harris,UFA,-,PG,35,DAL,68,1071,10.7,0.527,0.576,0.386,1.2,9.9,5.6,16.7,1.6,1.3,12.1,18.5,0.6,0.9,1.5,0.068,-2.6,0.4,-2.2,-0.1,2,6.0,15.7,0.38,2.8,9.1,0.31,3.2,6.7,0.476,4.6,6.1,0.761,0.5,4.5,5.1,5.5,1.6,0.7,2.5,6.0,19.4,107.0,112
172,Derrick Rose,UFA,7500000,PG,30,MIN,51,1392,19.5,0.557,0.194,0.212,2.5,8.3,5.4,26.4,1.1,0.7,9.1,27.3,2.6,0.3,3.0,0.102,3.2,-1.7,1.4,1.2,13,12.5,25.9,0.482,1.9,5.0,0.37,10.6,20.9,0.509,4.7,5.5,0.856,1.1,3.7,4.8,7.6,1.1,0.4,2.8,2.0,31.6,114.0,117
173,Deng Adel,UFA,-,SF,21,CLE,19,194,2.7,0.424,0.639,0.111,1.6,9.6,5.4,3.4,0.3,1.8,13.7,9.9,-0.2,0.0,-0.2,-0.054,-6.0,-1.6,-7.5,-0.3,3,2.8,9.2,0.306,1.5,5.9,0.261,1.3,3.3,0.385,1.0,1.0,1.0,0.8,4.1,4.9,1.3,0.3,1.0,1.5,3.3,8.2,85.0,121
174,DeMarre Carroll,UFA,6883333,PF,32,BRK,67,1703,12.1,0.546,0.539,0.421,4.2,17.3,10.8,7.2,0.9,0.5,9.7,18.6,1.5,1.6,3.1,0.088,-0.9,-0.6,-1.5,0.2,8,6.3,16.1,0.395,3.0,8.7,0.342,3.4,7.4,0.457,5.1,6.8,0.76,1.9,7.9,9.8,2.4,0.9,0.3,2.0,3.2,20.8,110.0,111
175,DeMarcus Cousins,UFA,3500000,C,28,GSW,30,771,21.4,0.562,0.256,0.388,6.2,27.0,17.1,20.4,2.5,4.8,14.2,28.1,0.9,1.5,2.4,0.151,0.4,2.6,3.0,1.0,30,11.0,22.9,0.48,1.6,5.9,0.274,9.4,17.0,0.551,6.5,8.9,0.736,2.7,12.6,15.2,6.6,2.5,2.7,4.4,6.7,30.1,109.0,102
176,Delon Wright,RFA,14025000,PG,26,TOT,75,1699,15.5,0.523,0.301,0.269,4.4,12.8,8.6,21.6,2.5,1.6,11.0,18.1,1.9,2.4,4.3,0.121,0.1,1.4,1.5,1.5,13,6.9,16.0,0.434,1.4,4.8,0.298,5.5,11.2,0.492,3.4,4.3,0.793,2.0,5.7,7.6,7.1,2.5,0.9,2.2,3.0,18.7,112.0,107
177,DeAndre Jordan,UFA,9990179,C,30,TOT,69,2047,19.0,0.674,0.0,0.592,11.7,35.2,23.5,11.6,1.0,3.0,21.4,15.0,4.0,3.1,7.1,0.167,0.8,1.3,2.1,2.1,69,6.8,10.6,0.641,0.0,0.0,,6.8,10.6,0.641,4.4,6.2,0.705,5.3,16.0,21.3,3.7,1.0,1.7,3.6,4.0,17.9,122.0,106
178,David Nwaba,UFA,-,SG,26,CLE,51,984,12.5,0.558,0.286,0.324,4.4,14.4,9.2,8.1,1.8,1.5,8.8,14.6,1.1,0.3,1.4,0.069,-1.8,-0.3,-2.1,0.0,14,6.4,13.2,0.481,1.2,3.8,0.32,5.1,9.4,0.545,2.9,4.3,0.682,2.1,6.2,8.2,2.7,1.8,0.9,1.5,5.4,16.9,115.0,116
179,Daryl Macon,UFA,-,SG,23,DAL,8,90,5.5,0.482,0.407,0.259,2.4,11.8,7.1,11.2,0.5,0.0,16.6,17.2,-0.1,0.0,0.0,-0.022,-5.3,-2.6,-7.9,-0.1,0,5.4,14.6,0.37,2.7,5.9,0.455,2.7,8.6,0.313,2.2,3.8,0.571,1.1,5.4,6.5,3.8,0.5,0.0,3.2,4.3,15.6,92.0,115
180,Darren Collison,UFA,-,PG,31,IND,76,2143,16.7,0.574,0.294,0.288,1.9,9.9,6.0,29.9,2.5,0.4,14.4,17.7,3.9,2.9,6.8,0.153,0.8,1.0,1.8,2.1,76,7.0,15.0,0.467,1.8,4.4,0.407,5.2,10.6,0.492,3.6,4.3,0.832,0.8,4.5,5.3,10.5,2.5,0.2,2.9,3.1,19.5,118.0,108
181,Darius Miller,UFA,7125000,SF,28,NOP,69,1757,8.4,0.55,0.752,0.147,0.8,6.6,3.8,10.4,1.1,1.1,10.3,13.4,1.1,0.6,1.6,0.045,-2.1,-0.8,-2.9,-0.4,15,5.0,12.8,0.39,3.5,9.6,0.365,1.5,3.2,0.467,1.5,1.9,0.789,0.4,3.0,3.4,3.9,1.1,0.6,1.6,4.4,15.0,110.0,116
182,Danuel House,RFA,3717000,SF,25,HOU,39,979,12.2,0.646,0.706,0.282,2.8,13.3,7.9,5.9,1.1,1.0,11.0,14.1,1.6,0.7,2.3,0.113,0.1,-0.5,-0.5,0.4,13,5.9,12.6,0.468,3.7,8.9,0.416,2.2,3.7,0.595,2.8,3.6,0.789,1.3,5.8,7.0,2.0,1.1,0.6,1.8,4.0,18.3,123.0,113
183,Dante Cunningham,UFA,-,PF,31,SAS,64,928,10.2,0.585,0.411,0.114,5.7,16.3,11.0,6.8,1.4,1.2,11.7,8.9,1.0,0.9,1.9,0.097,-1.3,0.6,-0.6,0.3,21,3.9,8.3,0.475,1.6,3.4,0.462,2.4,4.9,0.484,0.7,0.9,0.778,2.5,7.4,9.9,2.6,1.4,0.7,1.2,3.7,10.2,121.0,111
184,Danny Green,UFA,15000000,SG,31,TOR,80,2216,13.0,0.632,0.69,0.07,3.0,12.2,7.7,7.7,1.6,2.0,10.4,14.1,3.0,2.9,5.9,0.128,1.1,0.8,2.0,2.2,80,6.3,13.6,0.465,4.3,9.4,0.455,2.1,4.2,0.487,0.8,1.0,0.841,1.3,5.6,6.9,2.7,1.6,1.1,1.6,3.7,17.8,119.0,108
185,Daniel Theis,RFA,5000000,C,26,BOS,66,908,17.0,0.624,0.252,0.286,10.2,16.2,13.2,10.5,1.1,4.1,9.9,15.8,2.3,1.3,3.5,0.188,-0.8,0.9,0.0,0.5,2,7.7,14.1,0.549,1.4,3.6,0.388,6.4,10.6,0.603,3.0,4.0,0.737,4.6,7.3,11.9,3.6,1.1,2.2,1.8,8.5,19.8,128.0,107
186,Damion Lee,RFA,-,SG,26,GSW,32,375,11.9,0.578,0.535,0.173,2.4,15.3,9.1,4.5,1.6,0.0,7.4,16.8,0.3,0.4,0.7,0.09,-1.2,-1.1,-2.2,0.0,0,7.1,16.1,0.441,3.4,8.6,0.397,3.7,7.5,0.492,2.4,2.8,0.864,1.0,7.1,8.1,1.6,1.6,0.0,1.4,3.6,20.0,112.0,111
187,Dairis Bertans,UFA,-,SG,29,NOP,12,167,2.0,0.362,0.723,0.0,1.3,4.3,2.8,7.2,0.3,0.0,4.1,12.0,-0.2,0.0,-0.2,-0.054,-5.6,-3.2,-8.8,-0.3,0,3.3,13.1,0.255,2.8,9.5,0.294,0.6,3.6,0.154,0.0,0.0,,0.6,1.9,2.5,2.8,0.3,0.0,0.6,1.9,9.5,86.0,120
188,D'Angelo Russell,RFA,29331375,PG,22,BRK,81,2448,19.4,0.533,0.419,0.135,2.3,11.2,6.8,41.3,1.9,0.6,13.6,31.9,2.4,2.6,5.0,0.097,4.0,-0.6,3.4,3.4,81,12.8,29.5,0.434,4.5,12.3,0.369,8.3,17.1,0.482,3.1,4.0,0.78,1.0,5.1,6.1,10.9,1.9,0.4,4.9,2.7,33.3,107.0,110
189,Cory Joseph,UFA,12400000,PG,27,IND,82,2063,11.0,0.474,0.312,0.078,2.1,12.6,7.5,20.7,2.2,0.9,12.4,13.7,0.5,2.9,3.5,0.081,-2.1,1.7,-0.4,0.9,9,5.4,13.0,0.412,1.3,4.1,0.322,4.1,8.9,0.454,0.7,1.0,0.698,0.9,5.7,6.6,7.6,2.2,0.5,1.9,3.1,12.7,105.0,107
190,Corey Brewer,UFA,-,SF,32,TOT,31,492,11.6,0.532,0.358,0.35,5.4,10.7,8.0,10.2,3.0,1.2,11.8,13.6,0.4,0.6,1.0,0.095,-2.9,1.6,-1.3,0.1,3,5.0,11.7,0.431,1.3,4.2,0.318,3.7,7.5,0.494,2.9,4.1,0.721,2.5,4.7,7.2,3.7,3.0,0.7,1.8,6.0,14.3,112.0,109
191,Christian Wood,UFA,-,PF,23,TOT,21,251,21.9,0.607,0.222,0.479,7.2,26.5,17.0,4.8,1.3,3.2,10.7,26.1,0.4,0.3,0.8,0.151,1.4,-1.0,0.4,0.1,2,11.3,21.7,0.521,1.7,4.8,0.346,9.6,16.9,0.571,7.6,10.4,0.732,3.1,12.2,15.4,1.5,1.3,1.9,3.1,3.1,31.8,114.0,107
192,Chris Chiozza,UFA,-,PG,23,HOU,7,33,7.0,0.375,0.625,0.0,3.3,10.3,6.7,16.1,1.5,2.6,11.1,11.8,0.0,0.0,0.0,0.023,-2.7,1.4,-1.3,0.0,0,3.0,11.9,0.25,3.0,7.4,0.4,0.0,4.5,0.0,0.0,0.0,,1.5,4.5,5.9,5.9,1.5,1.5,1.5,3.0,8.9,97.0,112
193,Cheick Diallo,UFA,1678854,PF,22,NOP,64,896,17.5,0.644,0.015,0.247,8.8,29.3,19.2,5.1,1.5,3.0,14.0,16.0,1.4,1.2,2.6,0.14,-1.1,0.1,-0.9,0.2,1,8.7,14.1,0.62,0.1,0.2,0.25,8.7,13.8,0.625,2.6,3.5,0.746,3.9,13.3,17.2,1.7,1.5,1.7,2.5,5.9,20.1,119.0,108
194,Chasson Randle,UFA,-,PG,25,WAS,49,743,9.9,0.555,0.53,0.286,1.4,6.8,4.1,17.5,1.6,0.3,15.0,16.4,0.4,0.2,0.6,0.041,-2.7,-1.3,-4.0,-0.4,2,5.8,13.8,0.419,2.9,7.3,0.4,2.9,6.5,0.441,2.7,4.0,0.694,0.6,2.9,3.6,6.2,1.6,0.2,2.7,5.8,17.3,108.0,117
195,Channing Frye,UFA,-,C,35,CLE,36,341,8.9,0.524,0.675,0.12,1.2,16.4,8.5,8.6,0.9,1.3,9.5,17.5,0.1,0.0,0.1,0.016,-1.7,-1.8,-3.5,-0.1,6,6.3,17.0,0.368,4.7,11.5,0.405,1.6,5.5,0.289,1.6,2.0,0.786,0.6,7.0,7.6,2.9,0.9,0.7,1.9,6.4,18.8,104.0,118
196,C.J. Williams,UFA,-,SG,28,MIN,15,128,8.8,0.55,0.457,0.029,0.8,5.9,3.3,12.9,2.2,0.0,12.4,13.3,0.1,0.1,0.1,0.042,-3.8,0.2,-3.7,-0.1,0,6.4,13.1,0.486,1.9,6.0,0.313,4.5,7.1,0.632,0.0,0.4,0.0,0.4,2.6,3.0,4.5,2.2,0.0,1.9,6.0,14.6,107.0,115
197,Brook Lopez,UFA,13000000,C,30,MIL,81,2322,14.6,0.597,0.651,0.169,1.5,15.0,8.7,5.7,1.0,6.5,8.9,16.7,2.3,4.3,6.7,0.138,0.4,1.8,2.2,2.4,81,7.1,15.7,0.452,3.7,10.2,0.365,3.4,5.5,0.613,2.2,2.7,0.842,0.7,7.3,7.9,2.0,1.0,3.6,1.6,3.8,20.2,113.0,103
198,Brandon Sampson,UFA,-,SG,21,CHI,14,214,8.5,0.567,0.483,0.1,1.5,6.7,4.1,6.8,1.8,1.2,16.1,15.2,-0.1,0.1,0.0,0.01,-3.9,-0.9,-4.7,-0.1,2,6.3,13.6,0.467,2.5,6.6,0.379,3.9,7.0,0.548,0.9,1.4,0.667,0.7,2.9,3.6,2.3,1.8,0.7,2.7,4.3,16.1,98.0,115
199,Brandon Goodwin,UFA,-,PG,23,DEN,16,57,8.3,0.413,0.261,0.478,1.9,3.8,2.8,32.1,0.0,0.0,9.7,23.1,0.0,0.0,0.0,0.021,-4.7,-4.8,-9.5,-0.1,0,5.2,19.8,0.261,1.7,5.2,0.333,3.4,14.6,0.235,7.8,9.5,0.818,0.9,1.7,2.6,12.1,0.0,0.0,2.6,6.0,19.8,103.0,117
200,Brad Wanamaker,UFA,1445697,PG,29,BOS,36,343,14.3,0.597,0.371,0.267,0.9,11.8,6.4,22.5,1.7,0.5,13.9,17.1,0.6,0.4,1.0,0.134,-1.3,0.7,-0.7,0.1,0,7.0,14.7,0.476,2.2,5.5,0.41,4.8,9.3,0.515,3.4,3.9,0.857,0.4,5.3,5.8,7.9,1.7,0.3,2.7,4.8,19.7,118.0,110
201,Bojan Bogdanovic,UFA,18275000,SF,29,IND,81,2573,16.1,0.613,0.367,0.29,1.5,12.7,7.2,9.5,1.3,0.0,10.2,22.4,3.9,2.8,6.8,0.126,1.3,-0.6,0.7,1.7,81,9.9,20.0,0.497,3.1,7.3,0.425,6.8,12.6,0.538,4.7,5.8,0.807,0.6,5.7,6.3,3.1,1.3,0.0,2.5,2.6,27.6,114.0,110
202,Bobby Portis,UFA,15000000,PF,23,TOT,50,1299,16.1,0.529,0.304,0.154,9.0,24.9,16.8,8.8,1.3,1.3,9.9,24.6,0.5,1.1,1.6,0.06,-0.2,-2.3,-2.4,-0.1,28,10.3,23.1,0.444,2.8,7.0,0.393,7.5,16.1,0.467,2.8,3.6,0.794,4.0,10.8,14.8,2.7,1.3,0.7,2.7,5.3,26.1,104.0,112
203,Boban Marjanovic,UFA,3500000,C,30,TOT,58,681,24.2,0.664,0.038,0.504,14.0,26.9,20.6,12.8,1.1,3.1,15.7,23.3,2.1,0.9,3.0,0.212,2.8,0.3,3.2,0.9,12,11.1,18.0,0.615,0.3,0.7,0.4,10.8,17.3,0.624,6.8,9.1,0.748,6.0,12.3,18.4,3.7,1.1,1.9,4.1,6.2,29.3,123.0,107
204,Billy Garrett,UFA,-,SG,24,NYK,4,63,9.8,0.452,0.296,0.148,0.0,5.1,2.5,18.0,0.8,1.3,6.5,20.9,0.0,0.0,0.0,-0.019,-3.9,-1.7,-5.5,-0.1,0,8.4,20.7,0.407,0.0,6.1,0.0,8.4,14.5,0.579,3.1,3.1,1.0,0.0,2.3,2.3,5.4,0.8,0.8,1.5,2.3,19.9,97.0,118
205,Ben McLemore,UFA,-,SG,25,SAC,19,158,10.5,0.541,0.641,0.188,1.9,9.4,5.5,3.4,1.8,1.6,6.7,19.4,0.1,0.1,0.2,0.055,-2.1,-1.4,-3.5,-0.1,0,7.4,18.9,0.391,5.0,12.1,0.415,2.4,6.8,0.348,2.4,3.5,0.667,0.9,4.1,5.0,1.2,1.8,0.9,1.5,6.5,22.1,105.0,113
206,B.J. Johnson,UFA,-,SF,23,TOT,7,49,12.8,0.609,0.389,0.111,4.2,13.2,8.6,0.0,1.9,0.0,9.6,17.4,0.0,0.0,0.1,0.066,-2.3,-2.0,-4.3,0.0,0,8.5,17.0,0.5,2.8,6.6,0.429,5.7,10.4,0.545,1.9,1.9,1.0,1.9,5.7,7.6,0.0,1.9,0.0,1.9,3.8,21.7,111.0,115
207,Avery Bradley,UFA,4886175,SG,28,TOT,63,1905,7.6,0.496,0.403,0.082,2.5,7.3,4.9,11.8,1.0,0.7,12.4,16.2,-0.6,1.0,0.3,0.009,-2.8,-0.9,-3.7,-0.8,63,6.2,15.2,0.408,2.2,6.1,0.351,4.1,9.1,0.446,1.1,1.3,0.86,1.1,3.3,4.4,3.8,1.0,0.4,2.2,4.2,15.7,98.0,115
208,Austin Rivers,UFA,2271991,SG,26,TOT,76,2028,7.7,0.503,0.572,0.166,1.3,7.5,4.4,11.5,1.1,1.0,10.0,14.5,0.4,0.8,1.2,0.028,-3.3,-1.0,-4.3,-1.1,15,5.5,13.7,0.406,2.5,7.8,0.318,3.1,5.9,0.522,1.2,2.3,0.526,0.6,3.3,3.9,4.0,1.1,0.5,1.6,4.9,14.8,104.0,116
209,Antonio Blakeney,UFA,-,SG,22,CHI,57,829,10.6,0.487,0.23,0.192,0.9,13.1,6.9,8.2,0.7,0.9,7.5,24.5,-0.8,0.3,-0.5,-0.03,-2.4,-2.7,-5.2,-0.7,3,9.7,23.2,0.419,2.1,5.3,0.396,7.6,17.8,0.426,2.9,4.4,0.658,0.4,5.8,6.2,2.5,0.7,0.5,2.0,2.4,24.5,94.0,116
210,Anthony Tolliver,UFA,2564753,PF,33,MIN,65,1079,8.6,0.571,0.83,0.232,1.5,16.2,8.8,5.5,0.8,1.7,11.2,12.5,0.6,0.5,1.2,0.052,-1.7,-0.7,-2.4,-0.1,0,4.4,11.5,0.382,3.6,9.5,0.377,0.8,2.0,0.409,2.1,2.7,0.783,0.7,7.2,7.9,2.0,0.8,0.9,1.6,4.0,14.5,110.0,115
211,Angel Delgado,UFA,-,C,24,LAC,2,15,4.3,0.255,0.0,0.4,14.6,13.7,14.1,0.0,3.1,0.0,0.0,16.5,0.0,0.0,0.0,-0.055,-7.0,-5.0,-12.0,0.0,0,3.1,15.7,0.2,0.0,0.0,,3.1,15.7,0.2,3.1,6.3,0.5,6.3,6.3,12.6,0.0,3.1,0.0,0.0,6.3,9.4,78.0,109
212,Andrew Harrison,UFA,-,PG,24,TOT,17,187,5.8,0.443,0.472,0.34,3.4,8.5,5.8,17.1,1.1,0.9,16.5,16.8,-0.1,0.0,-0.1,-0.027,-5.8,-1.2,-7.1,-0.2,0,4.2,13.9,0.302,1.3,6.5,0.2,2.9,7.3,0.393,4.5,4.7,0.944,1.6,3.7,5.2,6.3,1.0,0.5,3.1,8.9,14.1,95.0,119
213,Andrew Bogut,UFA,-,C,34,GSW,11,134,13.4,0.523,0.0,0.083,10.0,32.8,21.9,10.6,1.1,5.0,17.7,14.5,0.1,0.2,0.3,0.111,-3.7,0.8,-2.9,0.0,5,6.4,12.8,0.5,0.0,0.0,,6.4,12.8,0.5,1.1,1.1,1.0,4.3,15.3,19.5,3.9,1.1,2.8,2.8,7.8,13.8,107.0,104
214,Amir Johnson,UFA,-,C,31,PHI,51,529,13.1,0.574,0.255,0.261,9.7,19.5,14.7,16.0,1.4,1.9,20.5,17.4,0.4,0.7,1.1,0.098,-2.9,0.6,-2.3,0.0,6,7.1,14.0,0.503,1.1,3.6,0.3,6.0,10.4,0.573,2.8,3.7,0.756,4.2,8.9,13.1,5.4,1.4,1.2,4.0,8.8,17.9,109.0,109
215,Amile Jefferson,UFA,-,PF,25,ORL,12,68,21.1,0.692,0.0,0.5,9.3,24.0,16.5,6.4,2.2,3.7,4.9,13.1,0.2,0.1,0.4,0.258,0.5,2.0,2.5,0.1,0,7.2,11.5,0.625,0.0,0.0,,7.2,11.5,0.625,5.0,5.8,0.875,4.3,10.8,15.1,2.2,2.2,2.2,0.7,5.8,19.4,146.0,103
216,Alex Poythress,UFA,-,PF,25,ATL,21,305,12.2,0.571,0.284,0.358,9.8,16.6,13.1,7.7,0.6,2.8,12.2,14.2,0.4,0.2,0.5,0.086,-2.5,-1.0,-3.5,-0.1,1,6.1,12.3,0.494,1.4,3.5,0.391,4.7,8.8,0.534,2.7,4.4,0.621,4.4,7.1,11.5,2.6,0.6,1.5,2.0,7.1,16.2,117.0,115
217,Alex Caruso,RFA,2750000,PG,24,LAL,25,531,13.9,0.569,0.289,0.37,4.0,9.0,6.5,19.7,2.1,1.4,17.3,19.0,0.5,0.6,1.0,0.093,-1.0,0.7,-0.2,0.2,4,6.7,15.2,0.445,2.1,4.4,0.48,4.6,10.8,0.431,4.5,5.6,0.797,1.8,4.1,5.9,6.7,2.1,0.8,3.7,4.7,20.1,109.0,110
218,Alec Burks,UFA,2320044,SG,27,TOT,64,1375,12.7,0.523,0.354,0.297,2.3,17.0,9.4,13.7,1.4,1.3,10.8,19.0,0.7,0.8,1.5,0.052,-0.6,-0.7,-1.2,0.3,24,6.8,16.9,0.405,2.2,6.0,0.363,4.7,10.9,0.428,4.1,5.0,0.823,1.1,7.3,8.4,4.6,1.4,0.7,2.3,3.2,20.0,106.0,114
219,Alan Williams,UFA,-,PF,26,BRK,5,26,32.9,0.61,0.077,0.308,16.2,60.3,38.4,22.3,1.8,0.0,6.3,25.5,0.1,0.1,0.2,0.312,7.6,4.2,11.8,0.1,0,14.6,23.8,0.615,0.0,1.8,0.0,14.6,22.0,0.667,3.7,7.3,0.5,7.3,27.5,34.8,5.5,1.8,0.0,1.8,3.7,33.0,128.0,98
220,Al-Farouq Aminu,UFA,9720900,PF,28,POR,81,2292,13.2,0.568,0.472,0.292,5.3,22.6,14.2,6.0,1.4,1.2,9.7,13.7,3.0,2.8,5.8,0.121,0.1,0.6,0.7,1.5,81,5.4,12.5,0.433,2.0,5.9,0.343,3.4,6.6,0.514,3.2,3.7,0.867,2.4,10.5,12.9,2.2,1.4,0.7,1.5,3.0,16.1,118.0,109
221,Al Horford,UFA,27250000,C,32,BOS,68,1973,20.2,0.605,0.281,0.131,6.5,18.3,12.4,21.2,1.4,3.9,11.8,18.9,4.5,2.9,7.5,0.181,3.3,1.9,5.1,3.6,68,9.4,17.7,0.535,1.8,5.0,0.36,7.7,12.7,0.604,1.9,2.3,0.821,2.9,8.3,11.2,6.9,1.4,2.1,2.5,3.1,22.6,122.0,107
